{"stats":{"minecraft:broken":{"minecraft:diamond_boots":1,"minecraft:diamond_chestplate":1,"minecraft:diamond_leggings":1,"minecraft:shield":3,"minecraft:iron_axe":3,"minecraft:iron_pickaxe":1,"minecraft:iron_helmet":1},"minecraft:killed":{"minecraft:cave_spider":42,"minecraft:spider":41,"minecraft:skeleton":44,"minecraft:silverfish":13,"minecraft:piglin_brute":3,"minecraft:magma_cube":4,"minecraft:piglin":16,"minecraft:zombie_villager":1,"minecraft:iron_golem":1,"minecraft:creeper":4,"minecraft:sheep":15,"minecraft:pillager":3,"minecraft:zombie":22,"minecraft:blaze":25,"minecraft:cow":1,"minecraft:phantom":3,"minecraft:hoglin":31,"minecraft:breeze":4,"minecraft:wither_skeleton":207,"minecraft:enderman":2},"minecraft:killed_by":{"minecraft:piglin_brute":2,"minecraft:wither_skeleton":8,"minecraft:creeper":1,"minecraft:magma_cube":1,"minecraft:cave_spider":1,"minecraft:skeleton":2},"minecraft:mined":{"minecraft:dark_oak_planks":4,"minecraft:stripped_warped_stem":1,"minecraft:spruce_planks":30,"minecraft:white_bed":18,"minecraft:oak_sapling":1,"minecraft:granite":2,"minecraft:grass_block":4,"minecraft:jungle_log":10,"minecraft:cracked_polished_blackstone_bricks":30,"minecraft:purple_stained_glass_pane":2,"minecraft:nether_wart":35,"minecraft:tuff_bricks":12,"minecraft:gilded_blackstone":2,"minecraft:spawner":62,"minecraft:tall_seagrass":1,"minecraft:polished_blackstone_bricks":99,"minecraft:magma_block":2,"minecraft:glowstone":10,"minecraft:dark_oak_trapdoor":2,"minecraft:cobbled_deepslate":2,"minecraft:iron_ore":33,"minecraft:fire":43,"minecraft:deepslate_lapis_ore":4,"minecraft:nether_brick_stairs":1,"minecraft:azure_bluet":3,"minecraft:dark_oak_stairs":4,"minecraft:dirt_path":2,"minecraft:iron_bars":2,"minecraft:smooth_sandstone_stairs":3,"minecraft:stripped_mangrove_wood":1,"minecraft:green_bed":6,"minecraft:orange_bed":2,"minecraft:deepslate_redstone_ore":23,"minecraft:blackstone":1,"minecraft:crimson_nylium":6,"visualworkbench:minecraft/crafting_table":6,"minecraft:torch":2,"minecraft:blast_furnace":6,"minecraft:green_concrete_powder":2,"minecraft:nether_quartz_ore":13,"minecraft:glass":1,"minecraft:cobblestone":23,"minecraft:birch_wood":1,"minecraft:sugar_cane":32,"minecraft:oak_planks":26,"minecraft:wall_torch":1,"minecraft:seagrass":4,"minecraft:acacia_sapling":1,"minecraft:dark_oak_slab":1,"minecraft:nether_wart_block":3,"minecraft:warped_planks":4,"minecraft:waxed_copper_block":1,"minecraft:stone_brick_stairs":1,"minecraft:oak_log":13,"minecraft:waxed_oxidized_copper":3,"minecraft:dirt":7,"minecraft:smooth_quartz":44,"minecraft:smooth_basalt":79,"minecraft:red_mushroom_block":1,"minecraft:netherrack":702,"minecraft:oak_leaves":7,"minecraft:deepslate":506,"minecraft:nether_gold_ore":4,"minecraft:dark_prismarine":8,"minecraft:diamond_ore":1,"minecraft:tuff":9,"minecraft:deepslate_diamond_ore":23,"minecraft:blackstone_wall":1,"minecraft:spruce_fence":8,"minecraft:decorated_pot":43,"minecraft:stripped_jungle_wood":5,"minecraft:large_fern":3,"minecraft:hay_block":67,"minecraft:waxed_oxidized_cut_copper":2,"minecraft:furnace":2,"minecraft:jungle_sapling":12,"minecraft:waxed_copper_grate":2,"minecraft:andesite":17,"minecraft:gold_block":20,"minecraft:bookshelf":21,"minecraft:deepslate_iron_ore":7,"minecraft:vine":15,"minecraft:bamboo":1,"minecraft:stone":60,"minecraft:green_wool":2,"minecraft:redstone_block":1,"minecraft:basalt":4,"minecraft:stone_brick_slab":1,"minecraft:polished_blackstone_brick_wall":1,"minecraft:smooth_sandstone":2,"minecraft:crafting_table":1,"minecraft:short_grass":99,"minecraft:lectern":2,"minecraft:stone_slab":1,"minecraft:tall_grass":2,"minecraft:lapis_ore":2,"minecraft:polished_blackstone_brick_stairs":1,"minecraft:spruce_stairs":2,"minecraft:stripped_spruce_wood":1,"minecraft:cobblestone_wall":1,"minecraft:coal_ore":3,"minecraft:cyan_carpet":6,"minecraft:acacia_planks":4,"minecraft:stripped_acacia_wood":19,"minecraft:stone_bricks":17,"minecraft:mossy_stone_bricks":2},"minecraft:custom":{"minecraft:interact_with_crafting_table":37,"minecraft:open_barrel":84,"minecraft:eat_cake_slice":2,"minecraft:leave_game":6,"minecraft:time_since_death":233435,"minecraft:sprint_one_cm":1848217,"minecraft:damage_blocked_by_shield":7752,"minecraft:drop":408,"minecraft:play_noteblock":3,"minecraft:talked_to_villager":33,"minecraft:play_time":957899,"minecraft:deaths":16,"minecraft:jump":11910,"minecraft:interact_with_brewingstand":3,"minecraft:walk_on_water_one_cm":44227,"minecraft:enchant_item":9,"minecraft:interact_with_furnace":40,"minecraft:play_record":1,"minecraft:traded_with_villager":158,"minecraft:sleep_in_bed":31,"minecraft:damage_dealt":122340,"minecraft:crouch_one_cm":204616,"minecraft:interact_with_smoker":2,"minecraft:mob_kills":490,"minecraft:interact_with_anvil":9,"minecraft:interact_with_campfire":32,"minecraft:damage_dealt_resisted":20752,"minecraft:climb_one_cm":31588,"minecraft:walk_one_cm":1424277,"minecraft:sneak_time":70484,"minecraft:walk_under_water_one_cm":14143,"minecraft:boat_one_cm":275713,"minecraft:interact_with_blast_furnace":10,"minecraft:total_world_time":957899,"minecraft:interact_with_grindstone":10,"minecraft:time_since_rest":12215,"minecraft:damage_taken":20980,"minecraft:damage_absorbed":368,"minecraft:swim_one_cm":34498,"minecraft:fly_one_cm":2184938,"minecraft:open_chest":468,"minecraft:fish_caught":1,"minecraft:fall_one_cm":334483},"minecraft:used":{"minecraft:peony":1,"minecraft:decorated_pot":6,"minecraft:shield":169,"minecraft:stripped_jungle_wood":5,"minecraft:smooth_sandstone_stairs":2,"minecraft:acacia_sapling":1,"minecraft:azure_bluet":1,"minecraft:jungle_sapling":15,"minecraft:lantern":1,"minecraft:green_wool":1,"minecraft:iron_helmet":1,"minecraft:stone_brick_stairs":2,"minecraft:stone_bricks":9,"minecraft:hay_block":18,"minecraft:ominous_bottle":1,"minecraft:furnace":3,"minecraft:stripped_spruce_wood":1,"minecraft:stone_pickaxe":18,"minecraft:oak_planks":323,"minecraft:ender_pearl":2,"minecraft:wooden_pickaxe":3,"minecraft:sandstone":5,"minecraft:golden_apple":9,"minecraft:blast_furnace":6,"more_bows_and_arrows:diamond_bow":26,"minecraft:bread":33,"minecraft:string":1,"minecraft:cyan_carpet":1,"minecraft:lectern":3,"minecraft:golden_helmet":5,"minecraft:stripped_warped_hyphae":1,"minecraft:nether_wart_block":2,"minecraft:diamond_sword":1856,"minecraft:andesite":129,"minecraft:oak_boat":3,"minecraft:cherry_boat":4,"minecraft:iron_bars":1,"minecraft:flint_and_steel":2,"minecraft:spruce_planks":30,"minecraft:netherrack":865,"minecraft:orange_bed":2,"minecraft:torch":67,"minecraft:dirt":68,"minecraft:spruce_stairs":2,"minecraft:cobblestone_wall":1,"minecraft:diamond_helmet":5,"minecraft:oak_wood":1,"minecraft:spruce_fence":4,"minecraft:nether_brick_stairs":1,"minecraft:dark_oak_planks":8,"minecraft:bookshelf":10,"minecraft:iron_axe":173,"minecraft:spawner":1,"minecraft:iron_boots":1,"minecraft:smooth_quartz":76,"minecraft:diamond_chestplate":5,"minecraft:golden_carrot":46,"minecraft:cooked_beef":66,"minecraft:acacia_planks":49,"minecraft:cooked_mutton":24,"minecraft:water_bucket":26,"minecraft:birch_planks":4,"minecraft:baked_potato":28,"minecraft:cherry_planks":60,"minecraft:green_bed":7,"minecraft:gilded_blackstone":1,"minecraft:polished_blackstone_bricks":1,"minecraft:oak_slab":2,"minecraft:crafting_table":10,"minecraft:white_bed":16,"minecraft:warped_planks":4,"minecraft:oak_log":1,"minecraft:diamond_pickaxe":855,"minecraft:apple":4,"minecraft:ominous_trial_key":1,"minecraft:cracked_polished_blackstone_bricks":2,"minecraft:iron_pickaxe":1015,"minecraft:spruce_trapdoor":1,"minecraft:stone_axe":37,"minecraft:pink_petals":1,"minecraft:fishing_rod":2,"minecraft:cobblestone":312,"minecraft:porkchop":3,"minecraft:cooked_porkchop":39,"minecraft:bucket":25,"minecraft:splash_potion":2,"minecraft:diamond_leggings":1},"minecraft:crafted":{"minecraft:oak_planks":280,"minecraft:cherry_boat":1,"metalbundles:leather_bundle":3,"minecraft:bookshelf":2,"minecraft:bow":45,"minecraft:diamond_leggings":1,"metalbundles:iron_bundle":3,"minecraft:oak_slab":12,"minecraft:arrow":16,"minecraft:emerald":260,"minecraft:diamond_axe":1,"minecraft:crafting_table":4,"minecraft:wooden_pickaxe":1,"minecraft:birch_planks":4,"minecraft:lectern":2,"minecraft:diamond_pickaxe":1,"metalbundles:copper_bundle":3,"minecraft:charcoal":12,"minecraft:shield":1,"minecraft:stick":3357,"minecraft:iron_ingot":42,"minecraft:iron_pickaxe":3,"minecraft:cherry_planks":68,"minecraft:furnace":1,"metalbundles:diamond_bundle":2,"minecraft:iron_axe":2,"minecraft:stone_pickaxe":1,"minecraft:dark_oak_planks":4,"minecraft:diamond_sword":7,"minecraft:stone_axe":2,"minecraft:enchanted_book":4,"minecraft:jungle_planks":1676,"metalbundles:golden_bundle":2,"minecraft:air":0,"minecraft:oak_boat":1,"minecraft:iron_leggings":1,"minecraft:white_bed":2,"minecraft:acacia_planks":52,"minecraft:torch":4,"minecraft:lapis_lazuli":54},"minecraft:dropped":{"minecraft:iron_sword":1,"minecraft:brown_mushroom":32,"minecraft:soul_sand":1,"minecraft:porkchop":17,"minecraft:dark_oak_stairs":5,"minecraft:stripped_mangrove_wood":1,"minecraft:lapis_lazuli":44,"minecraft:cooked_beef":2,"minecraft:ender_pearl":1,"minecraft:glass_bottle":1,"minecraft:diamond":64,"minecraft:crafting_table":1,"minecraft:decorated_pot":27,"minecraft:dark_oak_slab":1,"minecraft:netherite_upgrade_smithing_template":1,"minecraft:leather":4,"minecraft:honeycomb":3,"minecraft:cod":1,"minecraft:emerald":123,"minecraft:gold_block":20,"minecraft:dirt":3,"more_bows_and_arrows:diamond_bow":3,"minecraft:stone_button":1,"minecraft:polished_blackstone_brick_stairs":1,"minecraft:dark_oak_trapdoor":2,"minecraft:mutton":22,"minecraft:dark_oak_wood":2,"minecraft:jungle_sapling":2,"minecraft:gold_nugget":19,"minecraft:phantom_membrane":1,"minecraft:iron_pickaxe":3,"minecraft:dark_oak_planks":14,"minecraft:fishing_rod":1,"minecraft:white_wool":8,"minecraft:green_wool":2,"minecraft:cyan_carpet":26,"minecraft:gold_ingot":1,"minecraft:bone":125,"minecraft:gravel":1,"minecraft:stone_axe":3,"minecraft:emerald_block":19,"minecraft:sugar_cane":8,"minecraft:diamond_block":1,"minecraft:golden_chestplate":1,"minecraft:cobbled_deepslate":17,"minecraft:birch_sapling":2,"minecraft:cherry_sapling":13,"minecraft:rotten_flesh":20,"minecraft:enchanted_golden_apple":1,"minecraft:oak_planks":17,"minecraft:birch_wood":1,"minecraft:glowstone_dust":52,"minecraft:white_bed":2,"metalbundles:diamond_bundle":2,"minecraft:skeleton_skull":1,"minecraft:charcoal":9,"minecraft:jungle_log":441,"minecraft:stone_brick_wall":1,"minecraft:acacia_sapling":13,"minecraft:basalt":4,"minecraft:iron_bars":3,"minecraft:arrow":263,"metalbundles:golden_bundle":1,"minecraft:quartz":20,"minecraft:netherrack":246,"minecraft:enchanting_table":1,"minecraft:egg":1,"minecraft:golden_boots":4,"minecraft:iron_ingot":74,"minecraft:bread":14,"minecraft:oak_slab":2,"minecraft:wheat_seeds":20,"minecraft:golden_helmet":2,"minecraft:deepslate_brick_wall":1,"minecraft:diamond_leggings":2,"minecraft:golden_axe":1,"minecraft:cobblestone":13,"minecraft:book":38,"minecraft:waxed_copper_grate":2,"minecraft:apple":5,"minecraft:granite":2,"minecraft:ominous_trial_key":2,"minecraft:acacia_log":9,"minecraft:grass_block":1,"minecraft:golden_apple":11,"minecraft:coal":73,"minecraft:coal_block":21,"minecraft:stick":14,"minecraft:gray_wool":1,"minecraft:golden_carrot":1,"minecraft:torch":6,"minecraft:repeater":1,"minecraft:wooden_axe":1,"minecraft:smooth_quartz":23,"minecraft:cherry_planks":3,"minecraft:waxed_oxidized_copper":4,"minecraft:diamond_helmet":4,"minecraft:potion":1,"minecraft:iron_leggings":1,"minecraft:white_banner":1,"minecraft:orange_bed":1,"minecraft:string":233,"minecraft:pink_petals":8,"minecraft:gray_carpet":1,"minecraft:smooth_basalt":80,"minecraft:redstone_block":1,"minecraft:stone_brick_slab":1,"minecraft:redstone":131,"minecraft:furnace":1,"minecraft:tuff_bricks":14,"minecraft:flow_pottery_sherd":1,"minecraft:nether_wart":26,"minecraft:blaze_rod":6,"minecraft:cocoa_beans":11,"minecraft:tuff":9,"minecraft:raw_iron":20,"minecraft:light_gray_wool":1,"minecraft:nether_bricks":4,"minecraft:flint_and_steel":1,"minecraft:diamond_sword":7,"minecraft:shield":1,"minecraft:diamond_chestplate":3,"minecraft:spruce_planks":10,"minecraft:diamond_pickaxe":5,"minecraft:andesite":17,"minecraft:oak_boat":1,"minecraft:oak_sapling":34,"minecraft:waxed_oxidized_cut_copper":2,"minecraft:golden_sword":3,"minecraft:spider_eye":35,"minecraft:stone_bricks":7,"minecraft:diamond_boots":1,"minecraft:bow":46,"minecraft:stone_pickaxe":1,"minecraft:wooden_pickaxe":2,"minecraft:green_concrete_powder":2,"minecraft:magma_block":2,"minecraft:dark_prismarine":7,"minecraft:brick":37,"minecraft:guster_pottery_sherd":1},"minecraft:picked_up":{"minecraft:wooden_axe":1,"minecraft:iron_chestplate":2,"minecraft:redstone_block":1,"minecraft:diamond_sword":55,"minecraft:potion":2,"minecraft:enchanted_book":1,"minecraft:gilded_blackstone":1,"minecraft:stone_brick_stairs":2,"minecraft:golden_sword":3,"minecraft:polished_blackstone_brick_stairs":1,"minecraft:string":909,"minecraft:dark_oak_trapdoor":2,"minecraft:iron_leggings":1,"minecraft:cherry_boat":18,"minecraft:diamond_leggings":18,"minecraft:gold_nugget":19,"minecraft:cobbled_deepslate":434,"minecraft:spruce_planks":59,"minecraft:smooth_quartz":127,"minecraft:iron_pickaxe":20,"minecraft:enchanted_golden_apple":1,"minecraft:coal_block":21,"minecraft:furnace":3,"minecraft:iron_boots":2,"minecraft:golden_helmet":5,"minecraft:stick":180,"minecraft:deepslate_brick_wall":1,"minecraft:acacia_log":9,"minecraft:green_bed":16,"minecraft:torch":169,"minecraft:spruce_stairs":2,"minecraft:porkchop":26,"minecraft:golden_axe":2,"minecraft:cherry_log":17,"minecraft:waxed_copper_grate":2,"minecraft:warped_planks":4,"minecraft:golden_chestplate":1,"minecraft:orange_bed":3,"minecraft:rotten_flesh":25,"minecraft:blackstone_wall":1,"minecraft:armadillo_scute":2,"minecraft:green_wool":3,"minecraft:blaze_rod":6,"minecraft:cod":1,"minecraft:iron_bars":4,"minecraft:cobblestone":546,"minecraft:enchanting_table":1,"minecraft:birch_log":13,"minecraft:pink_petals":9,"minecraft:magma_block":2,"minecraft:jungle_log":970,"minecraft:cooked_beef":134,"minecraft:repeater":2,"minecraft:water_bucket":13,"minecraft:andesite":146,"minecraft:green_concrete_powder":2,"minecraft:potato":540,"minecraft:tuff":9,"minecraft:stripped_spruce_wood":1,"minecraft:smooth_sandstone_stairs":2,"minecraft:acacia_boat":1,"minecraft:wither_skeleton_skull":32,"minecraft:lapis_lazuli":73,"minecraft:lantern":1,"minecraft:dirt":71,"minecraft:name_tag":3,"minecraft:bone":950,"minecraft:acacia_planks":26,"minecraft:bow":1,"minecraft:wheat_seeds":20,"minecraft:birch_wood":1,"minecraft:glowstone_dust":52,"minecraft:diamond_helmet":10,"minecraft:bamboo":30,"minecraft:scrape_pottery_sherd":2,"minecraft:oak_planks":213,"metalbundles:golden_bundle":1,"minecraft:cooked_porkchop":203,"minecraft:stripped_acacia_wood":23,"minecraft:jungle_planks":16,"minecraft:nether_brick_stairs":1,"minecraft:grass_block":1,"minecraft:diamond_block":1,"minecraft:dark_prismarine":8,"minecraft:diamond":76,"minecraft:soul_lantern":1,"minecraft:cracked_polished_blackstone_bricks":56,"minecraft:breeze_rod":9,"minecraft:granite":2,"minecraft:golden_apple":105,"minecraft:emerald":29,"minecraft:bread":561,"minecraft:ominous_trial_key":3,"minecraft:oak_sapling":34,"minecraft:netherrack":1778,"minecraft:waxed_oxidized_cut_copper":2,"minecraft:cocoa_beans":11,"minecraft:diamond_pickaxe":4,"minecraft:fishing_rod":1,"minecraft:crafting_table":7,"metalbundles:leather_bundle":10,"minecraft:azure_bluet":1,"minecraft:ominous_bottle":5,"minecraft:stripped_warped_hyphae":1,"minecraft:nether_wart":26,"minecraft:wooden_pickaxe":1,"minecraft:stone_brick_wall":1,"minecraft:gold_block":36,"minecraft:diamond_horse_armor":9,"more_bows_and_arrows:diamond_bow":8,"minecraft:brick":48,"minecraft:shield":13,"minecraft:iron_axe":11,"minecraft:flint_and_steel":5,"minecraft:netherite_scrap":3,"minecraft:iron_shovel":11,"minecraft:cyan_carpet":33,"minecraft:stripped_warped_stem":1,"minecraft:oak_boat":3,"minecraft:jungle_sapling":65,"minecraft:guster_pottery_sherd":1,"minecraft:lectern":2,"minecraft:light_gray_wool":1,"minecraft:sugar_cane":163,"minecraft:birch_sapling":2,"minecraft:spruce_trapdoor":1,"minecraft:phantom_membrane":2,"minecraft:waxed_oxidized_copper":4,"minecraft:egg":1,"minecraft:raw_iron":62,"minecraft:sandstone":5,"minecraft:stripped_mangrove_wood":1,"minecraft:spruce_fence":8,"minecraft:polished_blackstone_bricks":185,"minecraft:flow_pottery_sherd":1,"minecraft:stone_button":1,"minecraft:redstone":131,"minecraft:dark_oak_planks":24,"minecraft:arrow":287,"minecraft:diamond_chestplate":18,"minecraft:decorated_pot":33,"minecraft:peony":1,"minecraft:nether_bricks":4,"minecraft:diamond_boots":13,"minecraft:hay_block":443,"minecraft:saddle":9,"minecraft:gold_ingot":20,"minecraft:tuff_bricks":14,"minecraft:mutton":28,"minecraft:skeleton_skull":1,"minecraft:white_wool":15,"minecraft:basalt":4,"minecraft:golden_carrot":67,"minecraft:leather":497,"minecraft:waxed_copper_block":1,"minecraft:oak_log":548,"minecraft:golden_boots":5,"minecraft:nether_wart_block":2,"minecraft:gunpowder":90,"minecraft:cobblestone_wall":1,"minecraft:white_banner":1,"minecraft:spawner":2,"minecraft:cooked_mutton":78,"minecraft:stone_bricks":17,"minecraft:apple":4,"minecraft:gray_carpet":1,"minecraft:iron_ingot":80,"minecraft:acacia_sapling":14,"minecraft:soul_sand":1,"minecraft:dark_oak_stairs":5,"minecraft:book":727,"minecraft:smooth_basalt":80,"minecraft:dark_oak_slab":1,"minecraft:stone_brick_slab":1,"minecraft:quartz":20,"minecraft:gravel":1,"minecraft:blast_furnace":6,"minecraft:white_bed":25,"minecraft:spider_eye":60,"minecraft:oak_wood":1,"minecraft:stone_axe":1,"minecraft:stripped_jungle_wood":5,"minecraft:iron_helmet":3,"minecraft:cherry_sapling":13,"minecraft:gray_wool":1,"minecraft:baked_potato":28,"minecraft:dark_oak_wood":3,"minecraft:coal":283,"minecraft:ender_pearl":16}},"DataVersion":3953}