{"stats":{"minecraft:killed_by":{"minecraft:piglin_brute":2,"minecraft:wither_skeleton":8,"minecraft:creeper":1,"minecraft:magma_cube":1,"minecraft:cave_spider":1,"minecraft:skeleton":2},"minecraft:killed":{"minecraft:cave_spider":42,"minecraft:spider":41,"minecraft:skeleton":46,"minecraft:silverfish":13,"minecraft:piglin_brute":3,"minecraft:magma_cube":4,"minecraft:piglin":16,"minecraft:zombie_villager":1,"minecraft:iron_golem":1,"minecraft:creeper":5,"minecraft:sheep":15,"minecraft:pillager":11,"minecraft:zombie":22,"minecraft:blaze":25,"minecraft:cow":1,"minecraft:evoker":1,"minecraft:vindicator":1,"minecraft:phantom":3,"minecraft:hoglin":31,"minecraft:breeze":4,"minecraft:wither_skeleton":207,"minecraft:villager":2,"minecraft:enderman":2},"minecraft:crafted":{"minecraft:oak_planks":280,"minecraft:jungle_fence_gate":11,"minecraft:barrel":1,"minecraft:cherry_boat":1,"minecraft:stone":9,"minecraft:lever":1,"metalbundles:leather_bundle":3,"minecraft:bookshelf":4,"minecraft:glass":152,"minecraft:hopper":8,"minecraft:bow":45,"minecraft:repeater":3,"minecraft:diamond_leggings":1,"minecraft:chest":24,"metalbundles:iron_bundle":3,"minecraft:oak_slab":12,"minecraft:arrow":16,"minecraft:emerald":1428,"minecraft:diamond_axe":1,"minecraft:crafting_table":4,"minecraft:wooden_pickaxe":1,"minecraft:birch_planks":4,"minecraft:lectern":2,"metalbundles:copper_bundle":3,"minecraft:diamond_pickaxe":1,"minecraft:charcoal":12,"minecraft:emerald_block":96,"minecraft:shield":1,"minecraft:stick":3893,"minecraft:iron_ingot":123,"minecraft:iron_pickaxe":3,"minecraft:redstone_torch":10,"minecraft:deepslate_bricks":104,"minecraft:shears":1,"minecraft:cherry_planks":68,"minecraft:redstone":81,"minecraft:tripwire_hook":12,"minecraft:wind_charge":36,"minecraft:furnace":1,"minecraft:jungle_trapdoor":4,"metalbundles:diamond_bundle":2,"minecraft:polished_deepslate":104,"minecraft:iron_axe":2,"minecraft:stone_pickaxe":1,"minecraft:dark_oak_planks":4,"minecraft:diamond_sword":7,"minecraft:bucket":2,"minecraft:stone_axe":2,"minecraft:enchanted_book":23,"metalbundles:golden_bundle":2,"minecraft:air":0,"minecraft:jungle_planks":2188,"minecraft:oak_boat":2,"minecraft:iron_leggings":1,"minecraft:white_bed":2,"minecraft:acacia_planks":52,"minecraft:torch":4,"minecraft:lapis_lazuli":54},"minecraft:broken":{"minecraft:diamond_boots":1,"minecraft:diamond_chestplate":1,"minecraft:diamond_leggings":1,"minecraft:shield":3,"minecraft:iron_axe":3,"minecraft:iron_pickaxe":1,"minecraft:iron_helmet":1},"minecraft:custom":{"minecraft:interact_with_crafting_table":60,"minecraft:open_barrel":114,"minecraft:eat_cake_slice":2,"minecraft:leave_game":7,"minecraft:time_since_death":534566,"minecraft:sprint_one_cm":2309285,"minecraft:damage_blocked_by_shield":7752,"minecraft:drop":497,"minecraft:play_noteblock":3,"minecraft:talked_to_villager":181,"minecraft:play_time":1259030,"minecraft:deaths":16,"minecraft:jump":14412,"minecraft:interact_with_brewingstand":3,"minecraft:walk_on_water_one_cm":52371,"minecraft:enchant_item":12,"minecraft:interact_with_furnace":46,"minecraft:play_record":2,"minecraft:traded_with_villager":998,"minecraft:sleep_in_bed":41,"minecraft:damage_dealt":126020,"minecraft:crouch_one_cm":232831,"minecraft:inspect_dispenser":1,"minecraft:interact_with_smithing_table":6,"minecraft:interact_with_smoker":2,"minecraft:interact_with_anvil":28,"minecraft:mob_kills":505,"minecraft:inspect_hopper":3,"minecraft:interact_with_campfire":32,"minecraft:damage_dealt_resisted":20752,"minecraft:climb_one_cm":32774,"minecraft:walk_one_cm":1719544,"minecraft:sneak_time":78339,"minecraft:walk_under_water_one_cm":17617,"minecraft:boat_one_cm":642151,"minecraft:interact_with_blast_furnace":16,"minecraft:total_world_time":1259030,"minecraft:interact_with_grindstone":11,"minecraft:time_since_rest":31203,"minecraft:damage_taken":21341,"minecraft:damage_absorbed":368,"minecraft:swim_one_cm":40854,"minecraft:fly_one_cm":2839082,"minecraft:open_chest":712,"minecraft:fish_caught":1,"minecraft:fall_one_cm":408696},"minecraft:mined":{"minecraft:dark_oak_planks":4,"minecraft:stripped_warped_stem":1,"minecraft:spruce_planks":30,"minecraft:oak_sapling":1,"minecraft:white_bed":18,"minecraft:granite":2,"minecraft:grass_block":94,"minecraft:jungle_log":10,"minecraft:cracked_polished_blackstone_bricks":30,"minecraft:purple_stained_glass_pane":2,"minecraft:deepslate_bricks":24,"minecraft:nether_wart":35,"minecraft:tuff_bricks":12,"minecraft:spawner":62,"minecraft:gilded_blackstone":2,"minecraft:polished_blackstone_bricks":99,"minecraft:tall_seagrass":1,"minecraft:magma_block":2,"minecraft:glowstone":10,"minecraft:dark_oak_trapdoor":2,"minecraft:iron_ore":33,"minecraft:barrel":1,"minecraft:fire":47,"minecraft:cobbled_deepslate":2,"minecraft:deepslate_lapis_ore":4,"minecraft:azure_bluet":3,"minecraft:nether_brick_stairs":1,"minecraft:dark_oak_stairs":4,"minecraft:dirt_path":2,"minecraft:iron_bars":2,"minecraft:smooth_sandstone_stairs":3,"minecraft:stripped_mangrove_wood":1,"minecraft:spruce_slab":2,"minecraft:orange_bed":2,"minecraft:green_bed":6,"minecraft:tripwire":1,"minecraft:deepslate_redstone_ore":23,"minecraft:blackstone":1,"minecraft:crimson_nylium":6,"visualworkbench:minecraft/crafting_table":6,"minecraft:torch":4,"minecraft:blast_furnace":6,"minecraft:green_concrete_powder":2,"minecraft:chest":6,"minecraft:glass":1,"minecraft:nether_quartz_ore":13,"minecraft:cobblestone":39,"minecraft:birch_wood":1,"minecraft:oak_planks":26,"minecraft:sugar_cane":35,"minecraft:wall_torch":1,"minecraft:seagrass":4,"minecraft:repeater":2,"minecraft:acacia_sapling":1,"minecraft:dark_oak_slab":1,"minecraft:nether_wart_block":3,"minecraft:warped_planks":4,"minecraft:waxed_copper_block":1,"minecraft:stone_brick_stairs":1,"minecraft:oak_log":13,"minecraft:waxed_oxidized_copper":3,"minecraft:dirt":96,"minecraft:smooth_quartz":44,"minecraft:smooth_basalt":79,"minecraft:red_mushroom_block":1,"minecraft:netherrack":702,"minecraft:deepslate":506,"minecraft:diamond_ore":1,"minecraft:oak_leaves":7,"minecraft:nether_gold_ore":4,"minecraft:dark_prismarine":8,"minecraft:tuff":9,"minecraft:deepslate_diamond_ore":23,"minecraft:blackstone_wall":1,"minecraft:purple_terracotta":1,"minecraft:spruce_fence":8,"minecraft:decorated_pot":43,"minecraft:jungle_planks":1,"minecraft:stripped_jungle_wood":5,"minecraft:redstone_wire":9,"minecraft:acacia_slab":4,"minecraft:large_fern":3,"minecraft:hay_block":67,"minecraft:waxed_oxidized_cut_copper":2,"minecraft:furnace":2,"minecraft:jungle_sapling":12,"minecraft:waxed_copper_grate":2,"minecraft:andesite":17,"minecraft:gold_block":20,"minecraft:bookshelf":23,"minecraft:deepslate_iron_ore":7,"minecraft:vine":15,"minecraft:bamboo":1,"minecraft:stone":125,"minecraft:green_wool":2,"minecraft:jungle_fence_gate":1,"minecraft:oak_slab":4,"minecraft:redstone_block":1,"minecraft:basalt":4,"minecraft:stone_brick_slab":1,"minecraft:polished_blackstone_brick_wall":1,"minecraft:smooth_sandstone":2,"minecraft:crafting_table":1,"minecraft:short_grass":204,"minecraft:rose_bush":18,"minecraft:lectern":10,"minecraft:stone_slab":1,"minecraft:tall_grass":2,"minecraft:lapis_ore":2,"minecraft:polished_blackstone_brick_stairs":1,"minecraft:orange_carpet":1,"minecraft:spruce_stairs":2,"minecraft:cobblestone_wall":1,"minecraft:stripped_spruce_wood":1,"minecraft:redstone_torch":4,"minecraft:bee_nest":1,"minecraft:coal_ore":3,"minecraft:cyan_carpet":6,"minecraft:acacia_door":8,"minecraft:gravel":1,"minecraft:acacia_planks":5,"minecraft:stripped_acacia_wood":19,"minecraft:stone_bricks":17,"minecraft:mossy_stone_bricks":2},"minecraft:dropped":{"minecraft:guster_pottery_sherd":1,"minecraft:acacia_boat":2,"minecraft:iron_sword":1,"minecraft:dark_oak_stairs":5,"minecraft:soul_sand":1,"minecraft:brown_mushroom":32,"minecraft:porkchop":17,"minecraft:stripped_mangrove_wood":1,"minecraft:lapis_lazuli":44,"minecraft:cooked_beef":2,"minecraft:ender_pearl":1,"minecraft:glass_bottle":1,"minecraft:diamond":64,"minecraft:crafting_table":1,"minecraft:decorated_pot":27,"minecraft:netherite_upgrade_smithing_template":1,"minecraft:dark_oak_slab":1,"minecraft:leather":4,"minecraft:honeycomb":3,"minecraft:jungle_planks":6,"minecraft:cod":1,"minecraft:emerald":140,"minecraft:gold_block":20,"minecraft:dirt":4,"more_bows_and_arrows:diamond_bow":3,"minecraft:stone_button":1,"minecraft:polished_blackstone_brick_stairs":1,"minecraft:dark_oak_trapdoor":2,"advancednetherite:netherite_diamond_ingot":1,"minecraft:mutton":22,"minecraft:dark_oak_wood":2,"minecraft:jungle_sapling":50,"minecraft:gold_nugget":19,"minecraft:phantom_membrane":1,"minecraft:iron_pickaxe":3,"minecraft:dark_oak_planks":14,"minecraft:fishing_rod":1,"minecraft:white_wool":8,"minecraft:cyan_carpet":26,"minecraft:gold_ingot":12,"minecraft:bone":131,"minecraft:green_wool":2,"minecraft:gravel":2,"minecraft:stone_axe":3,"minecraft:emerald_block":19,"minecraft:sugar_cane":8,"minecraft:diamond_block":1,"minecraft:golden_chestplate":1,"minecraft:cobbled_deepslate":17,"minecraft:netherite_sword":1,"minecraft:birch_sapling":2,"minecraft:cherry_sapling":13,"minecraft:rotten_flesh":20,"minecraft:oak_planks":23,"minecraft:birch_wood":1,"minecraft:enchanted_golden_apple":1,"advancednetherite:netherite_diamond_boots":1,"minecraft:glowstone_dust":52,"minecraft:white_bed":2,"minecraft:gunpowder":3,"metalbundles:diamond_bundle":2,"minecraft:skeleton_skull":1,"minecraft:charcoal":9,"minecraft:jungle_log":441,"minecraft:stone_brick_wall":1,"minecraft:acacia_slab":4,"minecraft:acacia_sapling":13,"advancednetherite:netherite_diamond_pickaxe":1,"minecraft:basalt":4,"minecraft:iron_bars":3,"minecraft:arrow":265,"minecraft:purple_terracotta":2,"metalbundles:golden_bundle":1,"minecraft:quartz":20,"minecraft:netherrack":300,"minecraft:enchanting_table":1,"minecraft:egg":1,"minecraft:iron_ingot":90,"minecraft:golden_boots":4,"minecraft:enchanted_book":6,"minecraft:bread":14,"minecraft:oak_slab":3,"minecraft:wheat_seeds":28,"minecraft:golden_helmet":2,"minecraft:deepslate_brick_wall":1,"minecraft:diamond_leggings":2,"minecraft:golden_axe":1,"minecraft:cobblestone":13,"minecraft:book":44,"minecraft:waxed_copper_grate":2,"minecraft:apple":5,"minecraft:granite":2,"minecraft:ominous_trial_key":2,"minecraft:acacia_log":9,"minecraft:grass_block":1,"minecraft:coal":73,"minecraft:golden_apple":11,"minecraft:coal_block":21,"minecraft:stick":27,"minecraft:gray_wool":1,"minecraft:golden_carrot":1,"minecraft:torch":6,"minecraft:repeater":1,"minecraft:wooden_axe":1,"minecraft:rose_bush":77,"minecraft:smooth_quartz":23,"minecraft:cherry_planks":3,"minecraft:waxed_oxidized_copper":4,"minecraft:diamond_helmet":4,"minecraft:potion":1,"minecraft:iron_leggings":1,"minecraft:armadillo_scute":1,"minecraft:white_banner":1,"minecraft:orange_bed":1,"minecraft:string":247,"minecraft:pink_petals":8,"minecraft:acacia_planks":1,"minecraft:gray_carpet":1,"minecraft:smooth_basalt":80,"minecraft:redstone_block":1,"minecraft:stone_brick_slab":1,"minecraft:redstone":131,"minecraft:furnace":1,"minecraft:tuff_bricks":14,"minecraft:flow_pottery_sherd":1,"minecraft:nether_wart":26,"minecraft:blaze_rod":6,"minecraft:cocoa_beans":11,"minecraft:tuff":9,"minecraft:raw_iron":20,"minecraft:light_gray_wool":1,"minecraft:nether_bricks":4,"minecraft:flint_and_steel":1,"minecraft:deepslate_bricks":4,"minecraft:diamond_sword":10,"minecraft:shield":1,"minecraft:diamond_chestplate":3,"minecraft:spruce_planks":13,"minecraft:diamond_pickaxe":5,"minecraft:andesite":17,"minecraft:oak_boat":1,"minecraft:oak_sapling":48,"minecraft:waxed_oxidized_cut_copper":2,"minecraft:golden_sword":3,"minecraft:stone_bricks":7,"minecraft:spider_eye":35,"minecraft:diamond_boots":1,"minecraft:bow":46,"minecraft:stone_pickaxe":1,"minecraft:wooden_pickaxe":2,"minecraft:green_concrete_powder":2,"minecraft:magma_block":2,"minecraft:dark_prismarine":7,"minecraft:brick":37},"minecraft:used":{"minecraft:peony":1,"minecraft:spruce_slab":3,"minecraft:decorated_pot":6,"minecraft:chest":22,"minecraft:shield":169,"minecraft:stripped_jungle_wood":5,"minecraft:smooth_sandstone_stairs":2,"minecraft:player_head":1,"minecraft:jungle_planks":1,"minecraft:acacia_sapling":1,"minecraft:azure_bluet":1,"minecraft:glass":4,"minecraft:jungle_sapling":15,"minecraft:villager_spawn_egg":5,"minecraft:jungle_fence_gate":12,"minecraft:lantern":1,"minecraft:green_wool":1,"minecraft:iron_helmet":1,"minecraft:stone_brick_stairs":2,"minecraft:stone_bricks":9,"minecraft:repeater":5,"minecraft:hay_block":18,"minecraft:ominous_bottle":1,"minecraft:furnace":3,"minecraft:egg":2,"minecraft:stripped_spruce_wood":1,"minecraft:diamond_boots":1,"minecraft:stone_pickaxe":18,"minecraft:oak_planks":323,"minecraft:ender_pearl":2,"minecraft:wooden_pickaxe":3,"minecraft:sandstone":5,"minecraft:diamond_axe":36,"advancednetherite:netherite_diamond_boots":1,"minecraft:golden_apple":9,"minecraft:blast_furnace":6,"minecraft:shears":6,"minecraft:redstone_torch":4,"minecraft:lever":1,"minecraft:acacia_door":8,"minecraft:cyan_carpet":1,"more_bows_and_arrows:diamond_bow":26,"minecraft:string":14,"minecraft:bread":33,"minecraft:lectern":13,"minecraft:golden_helmet":5,"minecraft:stripped_warped_hyphae":1,"minecraft:nether_wart_block":2,"minecraft:diamond_sword":1903,"minecraft:andesite":129,"minecraft:cherry_boat":4,"minecraft:oak_boat":5,"minecraft:rose_bush":23,"minecraft:iron_bars":1,"minecraft:flint_and_steel":11,"minecraft:redstone":49,"minecraft:spruce_planks":30,"minecraft:orange_bed":2,"minecraft:dirt":247,"minecraft:netherrack":865,"minecraft:torch":68,"minecraft:hopper":8,"minecraft:diamond_helmet":6,"minecraft:spruce_stairs":2,"minecraft:oak_wood":1,"minecraft:cobblestone_wall":1,"minecraft:jungle_trapdoor":6,"minecraft:spruce_fence":4,"minecraft:bee_nest":1,"minecraft:nether_brick_stairs":1,"advancednetherite:netherite_diamond_pickaxe":25,"minecraft:dark_oak_planks":8,"minecraft:bookshelf":12,"minecraft:iron_axe":173,"minecraft:acacia_slab":8,"minecraft:spawner":1,"minecraft:iron_boots":1,"minecraft:smooth_quartz":76,"minecraft:barrel":3,"minecraft:diamond_chestplate":6,"minecraft:tripwire_hook":12,"minecraft:golden_carrot":63,"minecraft:cooked_beef":66,"minecraft:acacia_planks":49,"minecraft:cooked_mutton":24,"minecraft:water_bucket":49,"minecraft:birch_planks":4,"minecraft:baked_potato":28,"minecraft:cherry_planks":60,"minecraft:green_bed":7,"minecraft:deepslate_bricks":221,"minecraft:polished_blackstone_bricks":1,"minecraft:gilded_blackstone":1,"minecraft:orange_carpet":2,"minecraft:crafting_table":10,"minecraft:oak_slab":6,"minecraft:white_bed":16,"minecraft:warped_planks":4,"minecraft:oak_log":1,"minecraft:diamond_pickaxe":936,"minecraft:apple":4,"minecraft:ominous_trial_key":1,"minecraft:cracked_polished_blackstone_bricks":2,"minecraft:iron_pickaxe":1015,"minecraft:spruce_trapdoor":1,"minecraft:stone_axe":37,"minecraft:pink_petals":1,"minecraft:fishing_rod":2,"minecraft:cobblestone":347,"minecraft:porkchop":3,"minecraft:cooked_porkchop":39,"minecraft:bucket":46,"minecraft:diamond_leggings":1,"minecraft:splash_potion":23},"minecraft:picked_up":{"minecraft:iron_chestplate":2,"minecraft:redstone_block":1,"minecraft:diamond_sword":58,"advancednetherite:netherite_diamond_ingot":5,"minecraft:enchanted_book":2,"minecraft:potion":2,"advancednetherite:netherite_diamond_pickaxe":1,"minecraft:gilded_blackstone":1,"minecraft:stone_brick_stairs":2,"minecraft:golden_sword":3,"minecraft:polished_blackstone_brick_stairs":1,"minecraft:string":1281,"minecraft:dark_oak_trapdoor":2,"minecraft:iron_leggings":1,"minecraft:netherite_ingot":4,"minecraft:cherry_boat":18,"minecraft:diamond_leggings":18,"minecraft:gold_nugget":19,"minecraft:cobbled_deepslate":434,"minecraft:spruce_planks":62,"minecraft:rose_bush":107,"minecraft:redstone_torch":4,"minecraft:netherite_upgrade_smithing_template":20,"minecraft:iron_pickaxe":20,"minecraft:smooth_quartz":127,"minecraft:enchanted_golden_apple":1,"minecraft:coal_block":21,"minecraft:iron_boots":2,"minecraft:furnace":3,"minecraft:golden_helmet":5,"minecraft:stick":181,"minecraft:deepslate_brick_wall":1,"minecraft:torch":176,"minecraft:green_bed":16,"minecraft:acacia_log":9,"minecraft:spruce_stairs":2,"minecraft:porkchop":26,"minecraft:golden_axe":2,"minecraft:cherry_log":17,"minecraft:waxed_copper_grate":2,"minecraft:warped_planks":4,"minecraft:golden_chestplate":1,"minecraft:orange_bed":3,"minecraft:rotten_flesh":25,"minecraft:blackstone_wall":1,"minecraft:armadillo_scute":3,"minecraft:green_wool":3,"minecraft:blaze_rod":6,"minecraft:iron_bars":4,"minecraft:cod":1,"minecraft:cobblestone":630,"minecraft:birch_log":13,"minecraft:enchanting_table":1,"minecraft:pink_petals":9,"minecraft:magma_block":2,"minecraft:orange_carpet":2,"minecraft:andesite":146,"minecraft:cooked_beef":134,"minecraft:repeater":4,"minecraft:water_bucket":13,"minecraft:jungle_log":970,"minecraft:green_concrete_powder":2,"minecraft:potato":540,"minecraft:smooth_sandstone_stairs":2,"minecraft:tuff":9,"minecraft:stripped_spruce_wood":1,"minecraft:wither_skeleton_skull":32,"minecraft:acacia_boat":2,"advancednetherite:netherite_diamond_boots":1,"minecraft:lapis_lazuli":73,"minecraft:dirt":251,"minecraft:lantern":1,"minecraft:name_tag":3,"minecraft:bone":956,"minecraft:acacia_planks":27,"minecraft:bow":1,"minecraft:wheat_seeds":38,"minecraft:birch_wood":1,"minecraft:diamond_helmet":10,"minecraft:bamboo":30,"minecraft:glowstone_dust":52,"minecraft:oak_planks":219,"minecraft:scrape_pottery_sherd":2,"metalbundles:golden_bundle":1,"minecraft:cooked_porkchop":203,"minecraft:stripped_acacia_wood":23,"minecraft:jungle_planks":17,"minecraft:nether_brick_stairs":1,"minecraft:grass_block":1,"minecraft:diamond_block":1,"minecraft:barrel":2,"minecraft:dark_prismarine":8,"minecraft:diamond":76,"minecraft:soul_lantern":1,"minecraft:cracked_polished_blackstone_bricks":56,"minecraft:breeze_rod":9,"minecraft:granite":2,"minecraft:golden_apple":105,"minecraft:bread":561,"minecraft:emerald":102,"minecraft:oak_sapling":48,"minecraft:netherrack":1778,"minecraft:ominous_trial_key":3,"minecraft:waxed_oxidized_cut_copper":2,"minecraft:diamond_pickaxe":4,"minecraft:fishing_rod":1,"minecraft:cocoa_beans":11,"minecraft:crafting_table":7,"minecraft:bee_nest":1,"metalbundles:leather_bundle":10,"minecraft:azure_bluet":1,"minecraft:stripped_warped_hyphae":1,"minecraft:ominous_bottle":5,"minecraft:nether_wart":26,"advancednetherite:netherite_emerald_ingot":4,"minecraft:wooden_pickaxe":1,"minecraft:stone_brick_wall":1,"minecraft:gold_block":36,"minecraft:diamond_horse_armor":9,"more_bows_and_arrows:diamond_bow":8,"minecraft:shield":13,"minecraft:brick":48,"minecraft:acacia_door":8,"minecraft:iron_axe":11,"minecraft:flint_and_steel":5,"minecraft:netherite_scrap":3,"minecraft:iron_shovel":11,"minecraft:cyan_carpet":33,"minecraft:spruce_slab":3,"minecraft:netherite_sword":1,"minecraft:stripped_warped_stem":1,"minecraft:music_disc_otherside":1,"minecraft:oak_boat":5,"minecraft:player_head":1,"minecraft:jungle_sapling":113,"minecraft:sugar_cane":167,"minecraft:light_gray_wool":1,"minecraft:guster_pottery_sherd":1,"minecraft:lectern":10,"minecraft:chest":6,"minecraft:birch_sapling":2,"minecraft:phantom_membrane":2,"minecraft:spruce_trapdoor":1,"minecraft:waxed_oxidized_copper":4,"minecraft:egg":3,"minecraft:raw_iron":62,"minecraft:sandstone":5,"minecraft:stripped_mangrove_wood":1,"minecraft:spruce_fence":8,"minecraft:polished_blackstone_bricks":185,"minecraft:flow_pottery_sherd":1,"minecraft:stone_button":1,"minecraft:jungle_fence_gate":1,"minecraft:redstone":140,"minecraft:purple_terracotta":2,"minecraft:dark_oak_planks":24,"minecraft:arrow":289,"minecraft:diamond_chestplate":18,"minecraft:decorated_pot":33,"minecraft:peony":1,"minecraft:nether_bricks":4,"minecraft:diamond_boots":13,"minecraft:deepslate_bricks":24,"minecraft:hay_block":443,"minecraft:totem_of_undying":1,"minecraft:saddle":9,"minecraft:gold_ingot":20,"minecraft:tuff_bricks":14,"minecraft:mutton":28,"minecraft:skeleton_skull":1,"minecraft:white_wool":15,"minecraft:basalt":4,"minecraft:golden_carrot":198,"minecraft:leather":497,"minecraft:oak_log":548,"minecraft:waxed_copper_block":1,"minecraft:cobblestone_wall":1,"minecraft:golden_boots":5,"minecraft:nether_wart_block":2,"minecraft:gunpowder":93,"minecraft:white_banner":1,"minecraft:spawner":2,"minecraft:cooked_mutton":78,"minecraft:gray_carpet":1,"minecraft:apple":4,"minecraft:stone_bricks":17,"advancednetherite:netherite_gold_ingot":4,"advancednetherite:netherite_iron_ingot":4,"minecraft:iron_ingot":80,"minecraft:acacia_sapling":14,"minecraft:dark_oak_stairs":5,"minecraft:soul_sand":1,"minecraft:book":797,"minecraft:oak_slab":4,"minecraft:smooth_basalt":80,"minecraft:dark_oak_slab":1,"minecraft:stone_brick_slab":1,"minecraft:quartz":20,"minecraft:gravel":2,"minecraft:blast_furnace":6,"minecraft:white_bed":25,"minecraft:spider_eye":60,"minecraft:oak_wood":1,"minecraft:stone_axe":1,"minecraft:iron_helmet":3,"minecraft:stripped_jungle_wood":5,"minecraft:cherry_sapling":13,"minecraft:gray_wool":1,"minecraft:baked_potato":28,"minecraft:acacia_slab":4,"minecraft:dark_oak_wood":3,"minecraft:coal":283,"minecraft:ender_pearl":16,"minecraft:wooden_axe":1}},"DataVersion":3953}