{"stats":{"minecraft:mined":{"minecraft:dark_prismarine":8,"minecraft:stripped_warped_stem":1,"minecraft:spruce_planks":1,"minecraft:white_bed":14,"minecraft:granite":2,"minecraft:grass_block":1,"minecraft:spruce_fence":5,"minecraft:decorated_pot":3,"minecraft:purple_stained_glass_pane":1,"minecraft:spawner":39,"minecraft:large_fern":3,"minecraft:hay_block":56,"minecraft:furnace":2,"minecraft:dark_oak_trapdoor":2,"minecraft:iron_ore":33,"minecraft:andesite":14,"minecraft:dark_oak_stairs":2,"minecraft:azure_bluet":3,"minecraft:bookshelf":21,"minecraft:iron_bars":1,"minecraft:smooth_sandstone_stairs":1,"minecraft:stripped_mangrove_wood":1,"minecraft:bamboo":1,"minecraft:stone":45,"minecraft:green_bed":2,"minecraft:green_wool":2,"minecraft:orange_bed":2,"minecraft:stone_brick_slab":1,"minecraft:crafting_table":1,"visualworkbench:minecraft/crafting_table":6,"minecraft:smooth_sandstone":1,"minecraft:torch":2,"minecraft:short_grass":16,"minecraft:green_concrete_powder":2,"minecraft:tall_grass":2,"minecraft:cobblestone":8,"minecraft:lapis_ore":2,"minecraft:oak_planks":16,"minecraft:wall_torch":1,"minecraft:spruce_stairs":1,"minecraft:dark_oak_slab":1,"minecraft:warped_planks":4,"minecraft:coal_ore":3,"minecraft:oak_log":13,"minecraft:smooth_quartz":6,"minecraft:dirt":7,"minecraft:acacia_planks":4,"minecraft:red_mushroom_block":1,"minecraft:stone_bricks":10,"minecraft:oak_leaves":7,"minecraft:dark_oak_planks":3},"minecraft:killed":{"minecraft:cave_spider":34,"minecraft:spider":26,"minecraft:skeleton":15,"minecraft:zombie_villager":1,"minecraft:creeper":3,"minecraft:sheep":15,"minecraft:pillager":3,"minecraft:zombie":6,"minecraft:wither_skeleton":85,"minecraft:cow":1},"minecraft:picked_up":{"minecraft:wooden_axe":1,"minecraft:crafting_table":7,"minecraft:iron_chestplate":2,"metalbundles:leather_bundle":3,"minecraft:azure_bluet":1,"minecraft:ominous_bottle":1,"minecraft:diamond_sword":11,"minecraft:wooden_pickaxe":1,"minecraft:potion":1,"minecraft:diamond_horse_armor":3,"minecraft:shield":3,"minecraft:string":362,"minecraft:dark_oak_trapdoor":2,"minecraft:iron_axe":4,"minecraft:cyan_carpet":23,"minecraft:iron_leggings":1,"minecraft:iron_shovel":4,"minecraft:cherry_boat":5,"minecraft:diamond_leggings":4,"minecraft:spruce_planks":21,"minecraft:stripped_warped_stem":1,"minecraft:oak_boat":3,"minecraft:smooth_quartz":30,"minecraft:iron_pickaxe":6,"minecraft:light_gray_wool":1,"minecraft:coal_block":21,"minecraft:birch_sapling":2,"minecraft:spruce_trapdoor":1,"minecraft:furnace":3,"minecraft:iron_boots":2,"minecraft:golden_helmet":1,"minecraft:raw_iron":42,"minecraft:stick":44,"minecraft:sandstone":5,"minecraft:stripped_mangrove_wood":1,"minecraft:deepslate_brick_wall":1,"minecraft:spruce_stairs":1,"minecraft:green_bed":6,"minecraft:torch":64,"minecraft:spruce_fence":5,"minecraft:cherry_log":17,"minecraft:stone_button":1,"minecraft:warped_planks":4,"minecraft:redstone":3,"minecraft:dark_oak_planks":3,"minecraft:orange_bed":2,"minecraft:arrow":52,"minecraft:diamond_chestplate":5,"minecraft:rotten_flesh":12,"minecraft:decorated_pot":3,"minecraft:peony":1,"minecraft:saddle":3,"minecraft:diamond_boots":4,"minecraft:hay_block":185,"minecraft:armadillo_scute":1,"minecraft:green_wool":2,"minecraft:gold_ingot":16,"minecraft:mutton":24,"minecraft:iron_bars":1,"minecraft:white_wool":13,"minecraft:skeleton_skull":1,"minecraft:cobblestone":63,"minecraft:enchanting_table":1,"minecraft:birch_log":13,"minecraft:pink_petals":9,"minecraft:cooked_beef":26,"minecraft:golden_carrot":34,"minecraft:water_bucket":4,"minecraft:andesite":15,"minecraft:leather":200,"minecraft:green_concrete_powder":2,"minecraft:potato":180,"minecraft:smooth_sandstone_stairs":1,"minecraft:oak_log":239,"minecraft:gunpowder":25,"minecraft:wither_skeleton_skull":7,"minecraft:lapis_lazuli":11,"minecraft:lantern":1,"minecraft:dirt":8,"minecraft:cooked_mutton":78,"minecraft:bone":169,"minecraft:acacia_planks":26,"minecraft:stone_bricks":8,"minecraft:apple":4,"minecraft:gray_carpet":1,"minecraft:bow":1,"minecraft:wheat_seeds":3,"minecraft:iron_ingot":9,"minecraft:diamond_helmet":3,"minecraft:bamboo":10,"minecraft:oak_planks":27,"metalbundles:golden_bundle":1,"minecraft:dark_oak_stairs":2,"minecraft:book":279,"minecraft:dark_oak_slab":1,"minecraft:cooked_porkchop":132,"minecraft:stone_brick_slab":1,"minecraft:gravel":1,"minecraft:white_bed":16,"minecraft:spider_eye":36,"minecraft:dark_prismarine":8,"minecraft:oak_wood":1,"minecraft:diamond":9,"minecraft:soul_lantern":1,"minecraft:iron_helmet":3,"minecraft:granite":2,"minecraft:cherry_sapling":13,"minecraft:golden_apple":15,"minecraft:gray_wool":1,"minecraft:bread":192,"minecraft:baked_potato":28,"minecraft:oak_sapling":31,"minecraft:dark_oak_wood":1,"minecraft:coal":47,"minecraft:ender_pearl":5},"minecraft:dropped":{"minecraft:bread":14,"minecraft:iron_ingot":39,"minecraft:iron_sword":1,"minecraft:dark_oak_stairs":2,"minecraft:stripped_mangrove_wood":1,"minecraft:wheat_seeds":3,"minecraft:golden_helmet":1,"minecraft:cooked_beef":2,"minecraft:diamond":1,"minecraft:glass_bottle":1,"minecraft:deepslate_brick_wall":1,"minecraft:crafting_table":1,"minecraft:decorated_pot":1,"minecraft:dark_oak_slab":1,"minecraft:book":1,"minecraft:apple":5,"minecraft:leather":2,"minecraft:honeycomb":3,"minecraft:granite":2,"minecraft:coal":27,"minecraft:coal_block":21,"minecraft:emerald":1,"minecraft:gray_wool":1,"minecraft:golden_carrot":1,"minecraft:stone_button":1,"minecraft:torch":6,"minecraft:dark_oak_trapdoor":2,"minecraft:mutton":20,"minecraft:wooden_axe":1,"minecraft:smooth_quartz":6,"minecraft:cherry_planks":3,"minecraft:diamond_helmet":3,"minecraft:potion":1,"minecraft:iron_leggings":1,"minecraft:bone":1,"minecraft:gold_ingot":1,"minecraft:cyan_carpet":16,"minecraft:dark_oak_planks":3,"minecraft:string":43,"minecraft:pink_petals":8,"minecraft:white_wool":7,"minecraft:gray_carpet":1,"minecraft:green_wool":2,"minecraft:stone_brick_slab":1,"minecraft:redstone":3,"minecraft:gravel":1,"minecraft:furnace":1,"minecraft:stone_axe":2,"minecraft:birch_sapling":2,"minecraft:cherry_sapling":13,"minecraft:rotten_flesh":7,"minecraft:light_gray_wool":1,"minecraft:oak_planks":3,"minecraft:white_bed":2,"minecraft:diamond_sword":2,"metalbundles:diamond_bundle":2,"minecraft:diamond_chestplate":1,"minecraft:skeleton_skull":1,"minecraft:charcoal":9,"minecraft:andesite":15,"minecraft:oak_boat":1,"minecraft:oak_sapling":31,"minecraft:spider_eye":14,"minecraft:stone_bricks":6,"minecraft:arrow":55,"minecraft:bow":1,"minecraft:wooden_pickaxe":2,"minecraft:stone_pickaxe":1,"metalbundles:golden_bundle":1,"minecraft:green_concrete_powder":2,"minecraft:dark_prismarine":7,"minecraft:enchanting_table":1},"minecraft:killed_by":{"minecraft:wither_skeleton":3},"minecraft:custom":{"minecraft:mob_kills":191,"minecraft:interact_with_crafting_table":25,"minecraft:open_barrel":58,"minecraft:interact_with_campfire":32,"minecraft:damage_dealt_resisted":9633,"minecraft:eat_cake_slice":2,"minecraft:time_since_death":13459,"minecraft:climb_one_cm":6024,"minecraft:sprint_one_cm":614941,"minecraft:walk_one_cm":472422,"minecraft:damage_blocked_by_shield":3312,"minecraft:drop":113,"minecraft:play_time":335427,"minecraft:deaths":3,"minecraft:sneak_time":19507,"minecraft:walk_under_water_one_cm":2601,"minecraft:boat_one_cm":47793,"minecraft:jump":4288,"minecraft:interact_with_blast_furnace":3,"minecraft:walk_on_water_one_cm":10912,"minecraft:total_world_time":335427,"minecraft:interact_with_furnace":39,"minecraft:interact_with_grindstone":1,"minecraft:sleep_in_bed":12,"minecraft:time_since_rest":13496,"minecraft:damage_taken":7619,"minecraft:damage_absorbed":123,"minecraft:damage_dealt":54779,"minecraft:swim_one_cm":4685,"minecraft:fly_one_cm":788272,"minecraft:open_chest":95,"minecraft:crouch_one_cm":48236,"minecraft:interact_with_smoker":2,"minecraft:fall_one_cm":95180},"minecraft:used":{"minecraft:peony":1,"minecraft:iron_bars":1,"minecraft:decorated_pot":2,"minecraft:spruce_planks":14,"minecraft:shield":57,"minecraft:smooth_sandstone_stairs":1,"minecraft:orange_bed":2,"minecraft:torch":32,"minecraft:dirt":8,"minecraft:spruce_stairs":1,"minecraft:oak_wood":1,"minecraft:spruce_fence":1,"minecraft:azure_bluet":1,"minecraft:dark_oak_planks":4,"minecraft:lantern":1,"minecraft:iron_axe":97,"minecraft:iron_helmet":1,"minecraft:smooth_quartz":7,"minecraft:iron_boots":1,"minecraft:stone_bricks":2,"minecraft:diamond_chestplate":1,"minecraft:golden_carrot":17,"minecraft:hay_block":13,"minecraft:furnace":3,"minecraft:cooked_beef":24,"minecraft:acacia_planks":34,"minecraft:cooked_mutton":24,"minecraft:water_bucket":13,"minecraft:birch_planks":4,"minecraft:stone_pickaxe":18,"minecraft:baked_potato":28,"minecraft:oak_planks":183,"minecraft:ender_pearl":1,"minecraft:wooden_pickaxe":3,"minecraft:cherry_planks":60,"minecraft:sandstone":5,"minecraft:green_bed":2,"minecraft:golden_apple":3,"minecraft:crafting_table":9,"minecraft:white_bed":12,"minecraft:warped_planks":4,"minecraft:apple":4,"minecraft:cyan_carpet":1,"minecraft:string":1,"minecraft:iron_pickaxe":167,"minecraft:spruce_trapdoor":1,"minecraft:pink_petals":1,"minecraft:stone_axe":37,"minecraft:diamond_sword":711,"minecraft:cobblestone":44,"minecraft:cooked_porkchop":6,"minecraft:bucket":13,"minecraft:oak_boat":3,"minecraft:cherry_boat":2},"minecraft:broken":{"minecraft:shield":1,"minecraft:iron_helmet":1},"minecraft:crafted":{"minecraft:cherry_planks":68,"minecraft:oak_planks":212,"minecraft:furnace":1,"minecraft:cherry_boat":1,"metalbundles:leather_bundle":3,"metalbundles:diamond_bundle":2,"minecraft:stone_pickaxe":1,"minecraft:dark_oak_planks":4,"metalbundles:iron_bundle":2,"minecraft:diamond_sword":1,"minecraft:crafting_table":3,"minecraft:wooden_pickaxe":1,"minecraft:birch_planks":4,"minecraft:stone_axe":2,"metalbundles:golden_bundle":2,"minecraft:air":0,"minecraft:oak_boat":1,"metalbundles:copper_bundle":2,"minecraft:charcoal":12,"minecraft:shield":1,"minecraft:stick":8,"minecraft:iron_ingot":42,"minecraft:iron_pickaxe":2,"minecraft:iron_leggings":1,"minecraft:white_bed":2,"minecraft:torch":4}},"DataVersion":3953}