{"stats":{"minecraft:mined":{"visualworkbench:minecraft/crafting_table":1,"minecraft:crafting_table":1,"minecraft:granite":2,"minecraft:short_grass":1,"minecraft:grass_block":1,"minecraft:decorated_pot":3,"minecraft:cobblestone":2,"minecraft:lapis_ore":2,"minecraft:large_fern":3,"minecraft:iron_ore":33,"minecraft:andesite":14,"minecraft:bookshelf":4,"minecraft:oak_log":13,"minecraft:coal_ore":3,"minecraft:iron_bars":1,"minecraft:dirt":7,"minecraft:red_mushroom_block":1,"minecraft:stone":32,"minecraft:oak_leaves":2,"minecraft:orange_bed":2},"minecraft:killed":{"minecraft:spider":1,"minecraft:creeper":2,"minecraft:zombie":4},"minecraft:picked_up":{"minecraft:wooden_axe":1,"minecraft:birch_log":13,"minecraft:crafting_table":2,"minecraft:andesite":15,"minecraft:wooden_pickaxe":1,"minecraft:oak_log":85,"minecraft:gunpowder":3,"minecraft:lapis_lazuli":11,"minecraft:string":1,"minecraft:dirt":8,"minecraft:bone":2,"minecraft:apple":3,"minecraft:birch_sapling":2,"minecraft:book":12,"minecraft:stick":28,"minecraft:raw_iron":42,"minecraft:torch":1,"minecraft:gravel":1,"minecraft:orange_bed":2,"minecraft:rotten_flesh":4,"minecraft:decorated_pot":3,"minecraft:peony":1,"minecraft:granite":2,"minecraft:baked_potato":28,"minecraft:oak_sapling":25,"minecraft:iron_bars":1,"minecraft:coal":13,"minecraft:cobblestone":44},"minecraft:dropped":{"minecraft:gravel":1,"minecraft:stone_axe":1,"minecraft:decorated_pot":1,"minecraft:birch_sapling":2,"minecraft:rotten_flesh":4,"minecraft:granite":2,"minecraft:torch":1,"minecraft:wooden_axe":1,"minecraft:oak_sapling":25,"minecraft:stone_pickaxe":1,"minecraft:wooden_pickaxe":2},"minecraft:custom":{"minecraft:interact_with_furnace":20,"minecraft:mob_kills":7,"minecraft:interact_with_crafting_table":5,"minecraft:open_barrel":8,"minecraft:interact_with_campfire":28,"minecraft:eat_cake_slice":2,"minecraft:time_since_death":47440,"minecraft:sleep_in_bed":3,"minecraft:climb_one_cm":530,"minecraft:time_since_rest":14285,"minecraft:sprint_one_cm":137579,"minecraft:damage_taken":420,"minecraft:walk_one_cm":81882,"minecraft:damage_blocked_by_shield":715,"minecraft:drop":15,"minecraft:damage_dealt":1565,"minecraft:swim_one_cm":2336,"minecraft:fly_one_cm":131891,"minecraft:open_chest":3,"minecraft:crouch_one_cm":12129,"minecraft:play_time":47440,"minecraft:sneak_time":4267,"minecraft:walk_under_water_one_cm":487,"minecraft:jump":812,"minecraft:walk_on_water_one_cm":82,"minecraft:total_world_time":47440,"minecraft:fall_one_cm":19353},"minecraft:used":{"minecraft:peony":1,"minecraft:iron_bars":1,"minecraft:birch_planks":4,"minecraft:stone_pickaxe":18,"minecraft:baked_potato":13,"minecraft:oak_planks":4,"minecraft:decorated_pot":2,"minecraft:wooden_pickaxe":3,"minecraft:shield":9,"minecraft:orange_bed":2,"minecraft:dirt":8,"minecraft:crafting_table":2,"minecraft:apple":3,"minecraft:iron_pickaxe":70,"minecraft:stone_axe":37,"minecraft:cobblestone":17},"minecraft:crafted":{"minecraft:oak_planks":68,"minecraft:crafting_table":1,"minecraft:wooden_pickaxe":1,"minecraft:birch_planks":4,"minecraft:stone_axe":2,"minecraft:air":0,"minecraft:charcoal":12,"minecraft:shield":1,"minecraft:stick":8,"minecraft:iron_ingot":42,"minecraft:iron_pickaxe":1,"minecraft:stone_pickaxe":1,"minecraft:torch":4}},"DataVersion":3953}