{"stats":{"minecraft:custom":{"minecraft:interact_with_crafting_table":28,"minecraft:open_barrel":63,"minecraft:eat_cake_slice":2,"minecraft:leave_game":4,"minecraft:time_since_death":4639,"minecraft:sprint_one_cm":1056080,"minecraft:damage_blocked_by_shield":5277,"minecraft:drop":205,"minecraft:play_noteblock":3,"minecraft:play_time":537945,"minecraft:deaths":12,"minecraft:jump":6694,"minecraft:walk_on_water_one_cm":34921,"minecraft:interact_with_furnace":39,"minecraft:sleep_in_bed":18,"minecraft:damage_dealt":92328,"minecraft:crouch_one_cm":75423,"minecraft:interact_with_smoker":2,"minecraft:mob_kills":326,"minecraft:interact_with_anvil":2,"minecraft:interact_with_campfire":32,"minecraft:damage_dealt_resisted":20752,"minecraft:climb_one_cm":10797,"minecraft:walk_one_cm":863019,"minecraft:sneak_time":29926,"minecraft:walk_under_water_one_cm":7019,"minecraft:boat_one_cm":170195,"minecraft:interact_with_blast_furnace":3,"minecraft:total_world_time":537945,"minecraft:interact_with_grindstone":1,"minecraft:time_since_rest":4689,"minecraft:damage_taken":14297,"minecraft:damage_absorbed":163,"minecraft:swim_one_cm":21931,"minecraft:fly_one_cm":1309598,"minecraft:open_chest":154,"minecraft:fish_caught":1,"minecraft:fall_one_cm":169326},"minecraft:picked_up":{"minecraft:wooden_axe":1,"minecraft:iron_chestplate":2,"minecraft:diamond_sword":49,"minecraft:potion":1,"minecraft:enchanted_book":1,"minecraft:stone_brick_stairs":2,"minecraft:string":897,"minecraft:dark_oak_trapdoor":2,"minecraft:iron_leggings":1,"minecraft:cherry_boat":15,"minecraft:diamond_leggings":13,"minecraft:spruce_planks":43,"minecraft:smooth_quartz":127,"minecraft:iron_pickaxe":14,"minecraft:coal_block":21,"minecraft:furnace":3,"minecraft:iron_boots":2,"minecraft:golden_helmet":2,"minecraft:stick":85,"minecraft:deepslate_brick_wall":1,"minecraft:green_bed":16,"minecraft:torch":130,"minecraft:spruce_stairs":2,"minecraft:cherry_log":17,"minecraft:warped_planks":4,"minecraft:orange_bed":3,"minecraft:rotten_flesh":19,"minecraft:armadillo_scute":2,"minecraft:green_wool":3,"minecraft:cod":1,"minecraft:iron_bars":1,"minecraft:cobblestone":522,"minecraft:enchanting_table":1,"minecraft:birch_log":13,"minecraft:pink_petals":9,"minecraft:cooked_beef":26,"minecraft:water_bucket":10,"minecraft:andesite":142,"minecraft:green_concrete_powder":2,"minecraft:potato":540,"minecraft:stripped_spruce_wood":1,"minecraft:smooth_sandstone_stairs":2,"minecraft:wither_skeleton_skull":32,"minecraft:lapis_lazuli":11,"minecraft:lantern":1,"minecraft:dirt":9,"minecraft:name_tag":3,"minecraft:bone":890,"minecraft:acacia_planks":26,"minecraft:bow":1,"minecraft:wheat_seeds":9,"minecraft:birch_wood":1,"minecraft:diamond_helmet":7,"minecraft:bamboo":30,"minecraft:oak_planks":118,"metalbundles:golden_bundle":1,"minecraft:cooked_porkchop":203,"minecraft:dark_prismarine":8,"minecraft:diamond":13,"minecraft:soul_lantern":1,"minecraft:granite":2,"minecraft:golden_apple":25,"minecraft:bread":561,"minecraft:oak_sapling":31,"minecraft:fishing_rod":1,"minecraft:crafting_table":7,"metalbundles:leather_bundle":10,"minecraft:azure_bluet":1,"minecraft:ominous_bottle":3,"minecraft:stripped_warped_hyphae":1,"minecraft:wooden_pickaxe":1,"minecraft:stone_brick_wall":1,"minecraft:diamond_horse_armor":9,"more_bows_and_arrows:diamond_bow":2,"minecraft:shield":12,"minecraft:iron_axe":10,"minecraft:flint_and_steel":3,"minecraft:iron_shovel":11,"minecraft:cyan_carpet":33,"minecraft:stripped_warped_stem":1,"minecraft:oak_boat":3,"minecraft:light_gray_wool":1,"minecraft:sugar_cane":136,"minecraft:birch_sapling":2,"minecraft:spruce_trapdoor":1,"minecraft:raw_iron":42,"minecraft:sandstone":5,"minecraft:stripped_mangrove_wood":1,"minecraft:spruce_fence":8,"minecraft:stone_button":1,"minecraft:redstone":3,"minecraft:dark_oak_planks":24,"minecraft:arrow":172,"minecraft:diamond_chestplate":15,"minecraft:decorated_pot":3,"minecraft:peony":1,"minecraft:diamond_boots":10,"minecraft:hay_block":443,"minecraft:saddle":9,"minecraft:gold_ingot":20,"minecraft:mutton":28,"minecraft:white_wool":15,"minecraft:skeleton_skull":1,"minecraft:golden_carrot":34,"minecraft:leather":475,"minecraft:oak_log":522,"minecraft:golden_boots":1,"minecraft:gunpowder":90,"minecraft:cobblestone_wall":1,"minecraft:white_banner":1,"minecraft:cooked_mutton":78,"minecraft:stone_bricks":16,"minecraft:apple":4,"minecraft:gray_carpet":1,"minecraft:iron_ingot":61,"minecraft:dark_oak_stairs":5,"minecraft:book":727,"minecraft:dark_oak_slab":1,"minecraft:stone_brick_slab":1,"minecraft:gravel":1,"minecraft:white_bed":25,"minecraft:spider_eye":58,"minecraft:oak_wood":1,"minecraft:iron_helmet":3,"minecraft:cherry_sapling":13,"minecraft:gray_wool":1,"minecraft:baked_potato":28,"minecraft:dark_oak_wood":3,"minecraft:coal":209,"minecraft:ender_pearl":12},"minecraft:broken":{"minecraft:diamond_boots":1,"minecraft:diamond_leggings":1,"minecraft:shield":2,"minecraft:iron_helmet":1},"minecraft:dropped":{"minecraft:iron_sword":1,"minecraft:dark_oak_stairs":5,"minecraft:stripped_mangrove_wood":1,"minecraft:cooked_beef":2,"minecraft:glass_bottle":1,"minecraft:diamond":1,"minecraft:crafting_table":1,"minecraft:decorated_pot":1,"minecraft:dark_oak_slab":1,"minecraft:leather":2,"minecraft:honeycomb":3,"minecraft:cod":1,"minecraft:emerald":18,"minecraft:dirt":1,"minecraft:stone_button":1,"minecraft:dark_oak_wood":2,"minecraft:mutton":22,"minecraft:dark_oak_trapdoor":2,"minecraft:dark_oak_planks":14,"minecraft:fishing_rod":1,"minecraft:white_wool":8,"minecraft:gold_ingot":1,"minecraft:cyan_carpet":26,"minecraft:bone":91,"minecraft:green_wool":2,"minecraft:gravel":1,"minecraft:stone_axe":2,"minecraft:sugar_cane":8,"minecraft:birch_sapling":2,"minecraft:cherry_sapling":13,"minecraft:rotten_flesh":14,"minecraft:oak_planks":17,"minecraft:birch_wood":1,"minecraft:white_bed":2,"metalbundles:diamond_bundle":2,"minecraft:skeleton_skull":1,"minecraft:charcoal":9,"minecraft:stone_brick_wall":1,"minecraft:arrow":115,"metalbundles:golden_bundle":1,"minecraft:enchanting_table":1,"minecraft:golden_boots":1,"minecraft:iron_ingot":55,"minecraft:bread":14,"minecraft:wheat_seeds":9,"minecraft:golden_helmet":2,"minecraft:deepslate_brick_wall":1,"minecraft:diamond_leggings":1,"minecraft:cobblestone":2,"minecraft:book":1,"minecraft:apple":5,"minecraft:granite":2,"minecraft:coal":67,"minecraft:coal_block":21,"minecraft:gray_wool":1,"minecraft:golden_carrot":1,"minecraft:torch":6,"minecraft:wooden_axe":1,"minecraft:smooth_quartz":23,"minecraft:cherry_planks":3,"minecraft:diamond_helmet":4,"minecraft:potion":1,"minecraft:iron_leggings":1,"minecraft:white_banner":1,"minecraft:orange_bed":1,"minecraft:string":221,"minecraft:pink_petals":8,"minecraft:gray_carpet":1,"minecraft:stone_brick_slab":1,"minecraft:redstone":3,"minecraft:furnace":1,"minecraft:light_gray_wool":1,"minecraft:flint_and_steel":1,"minecraft:diamond_sword":4,"minecraft:shield":1,"minecraft:diamond_chestplate":3,"minecraft:spruce_planks":5,"minecraft:andesite":15,"minecraft:oak_boat":1,"minecraft:oak_sapling":31,"minecraft:spider_eye":35,"minecraft:stone_bricks":7,"minecraft:diamond_boots":1,"minecraft:bow":1,"minecraft:stone_pickaxe":1,"minecraft:wooden_pickaxe":2,"minecraft:green_concrete_powder":2,"minecraft:dark_prismarine":7},"minecraft:crafted":{"minecraft:oak_planks":280,"minecraft:cherry_boat":1,"metalbundles:leather_bundle":3,"metalbundles:iron_bundle":3,"minecraft:crafting_table":4,"minecraft:wooden_pickaxe":1,"minecraft:birch_planks":4,"metalbundles:copper_bundle":3,"minecraft:charcoal":12,"minecraft:shield":1,"minecraft:stick":8,"minecraft:iron_ingot":42,"minecraft:iron_pickaxe":3,"minecraft:cherry_planks":68,"minecraft:furnace":1,"metalbundles:diamond_bundle":2,"minecraft:stone_pickaxe":1,"minecraft:dark_oak_planks":4,"minecraft:diamond_sword":7,"minecraft:stone_axe":2,"metalbundles:golden_bundle":2,"minecraft:air":0,"minecraft:oak_boat":1,"minecraft:iron_leggings":1,"minecraft:white_bed":2,"minecraft:torch":4},"minecraft:mined":{"minecraft:dark_oak_planks":4,"minecraft:stripped_warped_stem":1,"minecraft:spruce_planks":17,"minecraft:white_bed":18,"minecraft:granite":2,"minecraft:grass_block":2,"minecraft:purple_stained_glass_pane":2,"minecraft:spawner":55,"minecraft:dark_oak_trapdoor":2,"minecraft:iron_ore":33,"minecraft:azure_bluet":3,"minecraft:dark_oak_stairs":4,"minecraft:dirt_path":2,"minecraft:iron_bars":1,"minecraft:smooth_sandstone_stairs":3,"minecraft:stripped_mangrove_wood":1,"minecraft:green_bed":6,"minecraft:orange_bed":2,"visualworkbench:minecraft/crafting_table":6,"minecraft:torch":2,"minecraft:green_concrete_powder":2,"minecraft:glass":1,"minecraft:cobblestone":13,"minecraft:birch_wood":1,"minecraft:sugar_cane":23,"minecraft:oak_planks":23,"minecraft:wall_torch":1,"minecraft:seagrass":1,"minecraft:dark_oak_slab":1,"minecraft:warped_planks":4,"minecraft:stone_brick_stairs":1,"minecraft:oak_log":13,"minecraft:dirt":7,"minecraft:smooth_quartz":44,"minecraft:red_mushroom_block":1,"minecraft:oak_leaves":7,"minecraft:dark_prismarine":8,"minecraft:spruce_fence":8,"minecraft:decorated_pot":3,"minecraft:large_fern":3,"minecraft:hay_block":67,"minecraft:furnace":2,"minecraft:andesite":15,"minecraft:bookshelf":21,"minecraft:bamboo":1,"minecraft:stone":45,"minecraft:green_wool":2,"minecraft:stone_brick_slab":1,"minecraft:smooth_sandstone":2,"minecraft:crafting_table":1,"minecraft:short_grass":25,"minecraft:tall_grass":2,"minecraft:lapis_ore":2,"minecraft:spruce_stairs":2,"minecraft:stripped_spruce_wood":1,"minecraft:cobblestone_wall":1,"minecraft:coal_ore":3,"minecraft:cyan_carpet":6,"minecraft:acacia_planks":4,"minecraft:stone_bricks":16,"minecraft:mossy_stone_bricks":2},"minecraft:killed_by":{"minecraft:wither_skeleton":8,"minecraft:cave_spider":1,"minecraft:skeleton":2},"minecraft:killed":{"minecraft:cave_spider":42,"minecraft:spider":32,"minecraft:skeleton":24,"minecraft:zombie_villager":1,"minecraft:iron_golem":1,"minecraft:creeper":3,"minecraft:sheep":15,"minecraft:pillager":3,"minecraft:zombie":16,"minecraft:cow":1,"minecraft:wither_skeleton":184},"minecraft:used":{"minecraft:peony":1,"minecraft:decorated_pot":2,"minecraft:shield":134,"minecraft:smooth_sandstone_stairs":2,"minecraft:azure_bluet":1,"minecraft:lantern":1,"minecraft:green_wool":1,"minecraft:iron_helmet":1,"minecraft:stone_brick_stairs":2,"minecraft:stone_bricks":8,"minecraft:hay_block":18,"minecraft:furnace":3,"minecraft:stripped_spruce_wood":1,"minecraft:stone_pickaxe":18,"minecraft:oak_planks":252,"minecraft:ender_pearl":1,"minecraft:wooden_pickaxe":3,"minecraft:sandstone":5,"minecraft:golden_apple":4,"minecraft:bread":33,"minecraft:string":1,"minecraft:cyan_carpet":1,"minecraft:stripped_warped_hyphae":1,"minecraft:diamond_sword":1308,"minecraft:andesite":127,"minecraft:oak_boat":3,"minecraft:cherry_boat":4,"minecraft:iron_bars":1,"minecraft:flint_and_steel":1,"minecraft:spruce_planks":23,"minecraft:orange_bed":2,"minecraft:torch":62,"minecraft:dirt":8,"minecraft:spruce_stairs":2,"minecraft:cobblestone_wall":1,"minecraft:oak_wood":1,"minecraft:spruce_fence":4,"minecraft:dark_oak_planks":8,"minecraft:iron_axe":109,"minecraft:iron_boots":1,"minecraft:smooth_quartz":76,"minecraft:diamond_chestplate":2,"minecraft:golden_carrot":17,"minecraft:cooked_beef":24,"minecraft:acacia_planks":34,"minecraft:cooked_mutton":24,"minecraft:water_bucket":19,"minecraft:birch_planks":4,"minecraft:baked_potato":28,"minecraft:cherry_planks":60,"minecraft:green_bed":7,"minecraft:crafting_table":10,"minecraft:white_bed":16,"minecraft:warped_planks":4,"minecraft:oak_log":1,"minecraft:apple":4,"minecraft:iron_pickaxe":248,"minecraft:spruce_trapdoor":1,"minecraft:stone_axe":37,"minecraft:pink_petals":1,"minecraft:fishing_rod":2,"minecraft:cobblestone":110,"minecraft:cooked_porkchop":37,"minecraft:bucket":18,"minecraft:diamond_leggings":1}},"DataVersion":3953}