{"stats":{"minecraft:mined":{"minecraft:dark_prismarine":8,"minecraft:stripped_warped_stem":1,"minecraft:white_bed":14,"minecraft:granite":2,"minecraft:grass_block":1,"minecraft:spruce_fence":1,"minecraft:decorated_pot":3,"minecraft:purple_stained_glass_pane":1,"minecraft:spawner":22,"minecraft:large_fern":3,"minecraft:hay_block":56,"minecraft:furnace":2,"minecraft:dark_oak_trapdoor":2,"minecraft:iron_ore":33,"minecraft:andesite":14,"minecraft:dark_oak_stairs":2,"minecraft:azure_bluet":3,"minecraft:bookshelf":21,"minecraft:iron_bars":1,"minecraft:smooth_sandstone_stairs":1,"minecraft:stripped_mangrove_wood":1,"minecraft:bamboo":1,"minecraft:stone":45,"minecraft:green_bed":2,"minecraft:green_wool":2,"minecraft:orange_bed":2,"minecraft:stone_brick_slab":1,"minecraft:crafting_table":1,"visualworkbench:minecraft/crafting_table":6,"minecraft:smooth_sandstone":1,"minecraft:torch":2,"minecraft:short_grass":16,"minecraft:green_concrete_powder":2,"minecraft:tall_grass":2,"minecraft:cobblestone":8,"minecraft:lapis_ore":2,"minecraft:oak_planks":16,"minecraft:wall_torch":1,"minecraft:dark_oak_slab":1,"minecraft:warped_planks":4,"minecraft:coal_ore":3,"minecraft:oak_log":13,"minecraft:smooth_quartz":6,"minecraft:dirt":7,"minecraft:acacia_planks":2,"minecraft:red_mushroom_block":1,"minecraft:stone_bricks":10,"minecraft:oak_leaves":7,"minecraft:dark_oak_planks":3},"minecraft:killed":{"minecraft:cave_spider":2,"minecraft:spider":6,"minecraft:skeleton":13,"minecraft:zombie_villager":1,"minecraft:creeper":3,"minecraft:sheep":15,"minecraft:pillager":3,"minecraft:zombie":5,"minecraft:wither_skeleton":2,"minecraft:cow":1},"minecraft:picked_up":{"minecraft:wooden_axe":1,"minecraft:crafting_table":7,"minecraft:iron_chestplate":2,"metalbundles:leather_bundle":1,"minecraft:azure_bluet":1,"minecraft:ominous_bottle":1,"minecraft:diamond_sword":4,"minecraft:wooden_pickaxe":1,"minecraft:potion":1,"minecraft:diamond_horse_armor":1,"minecraft:shield":1,"minecraft:string":16,"minecraft:dark_oak_trapdoor":2,"minecraft:iron_axe":2,"minecraft:cyan_carpet":9,"minecraft:iron_leggings":1,"minecraft:iron_shovel":2,"minecraft:cherry_boat":3,"minecraft:diamond_leggings":2,"minecraft:stripped_warped_stem":1,"minecraft:oak_boat":3,"minecraft:smooth_quartz":6,"minecraft:iron_pickaxe":3,"minecraft:light_gray_wool":1,"minecraft:birch_sapling":2,"minecraft:furnace":3,"minecraft:iron_boots":2,"minecraft:golden_helmet":1,"minecraft:raw_iron":42,"minecraft:stick":44,"minecraft:sandstone":5,"minecraft:stripped_mangrove_wood":1,"minecraft:deepslate_brick_wall":1,"minecraft:green_bed":4,"minecraft:torch":63,"minecraft:cherry_log":17,"minecraft:stone_button":1,"minecraft:warped_planks":4,"minecraft:redstone":3,"minecraft:dark_oak_planks":3,"minecraft:orange_bed":2,"minecraft:arrow":29,"minecraft:diamond_chestplate":2,"minecraft:rotten_flesh":8,"minecraft:decorated_pot":3,"minecraft:peony":1,"minecraft:saddle":1,"minecraft:diamond_boots":2,"minecraft:hay_block":99,"minecraft:armadillo_scute":1,"minecraft:green_wool":2,"minecraft:gold_ingot":16,"minecraft:mutton":24,"minecraft:iron_bars":1,"minecraft:white_wool":13,"minecraft:skeleton_skull":1,"minecraft:cobblestone":63,"minecraft:birch_log":13,"minecraft:pink_petals":9,"minecraft:cooked_beef":26,"minecraft:golden_carrot":33,"minecraft:water_bucket":2,"minecraft:andesite":15,"minecraft:leather":110,"minecraft:green_concrete_powder":2,"minecraft:potato":60,"minecraft:smooth_sandstone_stairs":1,"minecraft:oak_log":147,"minecraft:gunpowder":5,"minecraft:lapis_lazuli":11,"minecraft:lantern":1,"minecraft:dirt":8,"minecraft:cooked_mutton":48,"minecraft:bone":34,"minecraft:acacia_planks":24,"minecraft:stone_bricks":8,"minecraft:apple":4,"minecraft:gray_carpet":1,"minecraft:bow":1,"minecraft:wheat_seeds":3,"minecraft:iron_ingot":9,"minecraft:diamond_helmet":2,"minecraft:bamboo":10,"minecraft:oak_planks":27,"metalbundles:golden_bundle":1,"minecraft:dark_oak_stairs":2,"minecraft:book":127,"minecraft:dark_oak_slab":1,"minecraft:cooked_porkchop":64,"minecraft:stone_brick_slab":1,"minecraft:gravel":1,"minecraft:white_bed":14,"minecraft:spider_eye":2,"minecraft:dark_prismarine":8,"minecraft:diamond":9,"minecraft:soul_lantern":1,"minecraft:iron_helmet":3,"minecraft:granite":2,"minecraft:cherry_sapling":13,"minecraft:golden_apple":1,"minecraft:gray_wool":1,"minecraft:bread":64,"minecraft:baked_potato":28,"minecraft:oak_sapling":31,"minecraft:coal":13,"minecraft:ender_pearl":3},"minecraft:dropped":{"minecraft:bread":14,"minecraft:iron_ingot":39,"minecraft:iron_sword":1,"minecraft:dark_oak_stairs":2,"minecraft:stripped_mangrove_wood":1,"minecraft:wheat_seeds":3,"minecraft:golden_helmet":1,"minecraft:cooked_beef":2,"minecraft:diamond":1,"minecraft:glass_bottle":1,"minecraft:deepslate_brick_wall":1,"minecraft:crafting_table":1,"minecraft:decorated_pot":1,"minecraft:dark_oak_slab":1,"minecraft:book":1,"minecraft:apple":5,"minecraft:leather":2,"minecraft:honeycomb":3,"minecraft:granite":2,"minecraft:emerald":1,"minecraft:gray_wool":1,"minecraft:stone_button":1,"minecraft:torch":6,"minecraft:dark_oak_trapdoor":2,"minecraft:mutton":20,"minecraft:wooden_axe":1,"minecraft:smooth_quartz":6,"minecraft:cherry_planks":3,"minecraft:diamond_helmet":2,"minecraft:potion":1,"minecraft:iron_leggings":1,"minecraft:gold_ingot":1,"minecraft:cyan_carpet":9,"minecraft:dark_oak_planks":3,"minecraft:string":3,"minecraft:pink_petals":8,"minecraft:white_wool":7,"minecraft:gray_carpet":1,"minecraft:green_wool":2,"minecraft:stone_brick_slab":1,"minecraft:redstone":3,"minecraft:gravel":1,"minecraft:furnace":1,"minecraft:stone_axe":2,"minecraft:birch_sapling":2,"minecraft:cherry_sapling":13,"minecraft:rotten_flesh":6,"minecraft:light_gray_wool":1,"minecraft:oak_planks":3,"minecraft:white_bed":2,"minecraft:diamond_sword":1,"metalbundles:diamond_bundle":2,"minecraft:skeleton_skull":1,"minecraft:charcoal":9,"minecraft:andesite":15,"minecraft:oak_boat":1,"minecraft:oak_sapling":31,"minecraft:spider_eye":2,"minecraft:stone_bricks":6,"minecraft:arrow":28,"minecraft:bow":1,"minecraft:wooden_pickaxe":2,"minecraft:stone_pickaxe":1,"metalbundles:golden_bundle":1,"minecraft:green_concrete_powder":2,"minecraft:dark_prismarine":7},"minecraft:killed_by":{"minecraft:wither_skeleton":1},"minecraft:custom":{"minecraft:mob_kills":51,"minecraft:interact_with_crafting_table":25,"minecraft:open_barrel":58,"minecraft:interact_with_campfire":32,"minecraft:damage_dealt_resisted":219,"minecraft:eat_cake_slice":2,"minecraft:time_since_death":2851,"minecraft:climb_one_cm":5167,"minecraft:sprint_one_cm":483988,"minecraft:walk_one_cm":359010,"minecraft:damage_blocked_by_shield":2523,"minecraft:drop":91,"minecraft:play_time":287440,"minecraft:deaths":1,"minecraft:sneak_time":14691,"minecraft:walk_under_water_one_cm":1107,"minecraft:boat_one_cm":47793,"minecraft:jump":3447,"minecraft:interact_with_blast_furnace":3,"minecraft:walk_on_water_one_cm":9870,"minecraft:total_world_time":287440,"minecraft:interact_with_furnace":39,"minecraft:interact_with_grindstone":1,"minecraft:sleep_in_bed":12,"minecraft:time_since_rest":2915,"minecraft:damage_taken":3127,"minecraft:damage_absorbed":42,"minecraft:damage_dealt":9950,"minecraft:swim_one_cm":4685,"minecraft:fly_one_cm":697849,"minecraft:open_chest":85,"minecraft:crouch_one_cm":42514,"minecraft:interact_with_smoker":2,"minecraft:fall_one_cm":86446},"minecraft:used":{"minecraft:peony":1,"minecraft:iron_bars":1,"minecraft:decorated_pot":2,"minecraft:shield":39,"minecraft:smooth_sandstone_stairs":1,"minecraft:orange_bed":2,"minecraft:torch":5,"minecraft:dirt":8,"minecraft:azure_bluet":1,"minecraft:lantern":1,"minecraft:iron_axe":90,"minecraft:iron_helmet":1,"minecraft:iron_boots":1,"minecraft:stone_bricks":2,"minecraft:golden_carrot":3,"minecraft:hay_block":13,"minecraft:furnace":3,"minecraft:cooked_beef":24,"minecraft:acacia_planks":17,"minecraft:water_bucket":13,"minecraft:birch_planks":4,"minecraft:stone_pickaxe":18,"minecraft:baked_potato":28,"minecraft:oak_planks":172,"minecraft:ender_pearl":1,"minecraft:wooden_pickaxe":3,"minecraft:cherry_planks":60,"minecraft:sandstone":5,"minecraft:green_bed":2,"minecraft:golden_apple":1,"minecraft:crafting_table":9,"minecraft:white_bed":12,"minecraft:warped_planks":4,"minecraft:apple":4,"minecraft:string":1,"minecraft:iron_pickaxe":149,"minecraft:pink_petals":1,"minecraft:stone_axe":37,"minecraft:diamond_sword":75,"minecraft:cobblestone":44,"minecraft:bucket":13,"minecraft:oak_boat":3,"minecraft:cherry_boat":2},"minecraft:broken":{"minecraft:shield":1},"minecraft:crafted":{"minecraft:cherry_planks":68,"minecraft:oak_planks":204,"minecraft:furnace":1,"minecraft:cherry_boat":1,"metalbundles:leather_bundle":3,"metalbundles:diamond_bundle":2,"minecraft:stone_pickaxe":1,"metalbundles:iron_bundle":2,"minecraft:crafting_table":3,"minecraft:wooden_pickaxe":1,"minecraft:birch_planks":4,"minecraft:stone_axe":2,"metalbundles:golden_bundle":2,"minecraft:air":0,"minecraft:oak_boat":1,"metalbundles:copper_bundle":2,"minecraft:charcoal":12,"minecraft:shield":1,"minecraft:stick":8,"minecraft:iron_ingot":42,"minecraft:iron_pickaxe":1,"minecraft:iron_leggings":1,"minecraft:white_bed":2,"minecraft:torch":4}},"DataVersion":3953}