{"stats":{"minecraft:broken":{"minecraft:diamond_boots":1,"minecraft:diamond_leggings":1,"minecraft:shield":3,"minecraft:iron_pickaxe":1,"minecraft:iron_helmet":1},"minecraft:killed":{"minecraft:cave_spider":42,"minecraft:spider":32,"minecraft:skeleton":26,"minecraft:piglin_brute":2,"minecraft:piglin":13,"minecraft:zombie_villager":1,"minecraft:iron_golem":1,"minecraft:creeper":4,"minecraft:sheep":15,"minecraft:pillager":3,"minecraft:zombie":18,"minecraft:blaze":25,"minecraft:cow":1,"minecraft:phantom":3,"minecraft:hoglin":29,"minecraft:wither_skeleton":207,"minecraft:enderman":2},"minecraft:killed_by":{"minecraft:piglin_brute":1,"minecraft:wither_skeleton":8,"minecraft:creeper":1,"minecraft:cave_spider":1,"minecraft:skeleton":2},"minecraft:mined":{"minecraft:dark_oak_planks":4,"minecraft:stripped_warped_stem":1,"minecraft:spruce_planks":30,"minecraft:white_bed":18,"minecraft:granite":2,"minecraft:grass_block":2,"minecraft:cracked_polished_blackstone_bricks":27,"minecraft:purple_stained_glass_pane":2,"minecraft:nether_wart":35,"minecraft:spawner":62,"minecraft:polished_blackstone_bricks":43,"minecraft:glowstone":10,"minecraft:dark_oak_trapdoor":2,"minecraft:iron_ore":33,"minecraft:fire":23,"minecraft:nether_brick_stairs":1,"minecraft:azure_bluet":3,"minecraft:dark_oak_stairs":4,"minecraft:dirt_path":2,"minecraft:iron_bars":2,"minecraft:smooth_sandstone_stairs":3,"minecraft:stripped_mangrove_wood":1,"minecraft:green_bed":6,"minecraft:orange_bed":2,"minecraft:blackstone":1,"minecraft:crimson_nylium":6,"visualworkbench:minecraft/crafting_table":6,"minecraft:torch":2,"minecraft:green_concrete_powder":2,"minecraft:nether_quartz_ore":13,"minecraft:glass":1,"minecraft:cobblestone":23,"minecraft:birch_wood":1,"minecraft:sugar_cane":23,"minecraft:oak_planks":25,"minecraft:wall_torch":1,"minecraft:seagrass":1,"minecraft:dark_oak_slab":1,"minecraft:nether_wart_block":3,"minecraft:warped_planks":4,"minecraft:stone_brick_stairs":1,"minecraft:oak_log":13,"minecraft:dirt":7,"minecraft:smooth_quartz":44,"minecraft:red_mushroom_block":1,"minecraft:netherrack":530,"minecraft:oak_leaves":7,"minecraft:nether_gold_ore":4,"minecraft:dark_prismarine":8,"minecraft:spruce_fence":8,"minecraft:decorated_pot":3,"minecraft:stripped_jungle_wood":5,"minecraft:large_fern":3,"minecraft:hay_block":67,"minecraft:furnace":2,"minecraft:andesite":15,"minecraft:gold_block":18,"minecraft:bookshelf":21,"minecraft:bamboo":1,"minecraft:stone":45,"minecraft:green_wool":2,"minecraft:redstone_block":1,"minecraft:basalt":4,"minecraft:stone_brick_slab":1,"minecraft:smooth_sandstone":2,"minecraft:crafting_table":1,"minecraft:short_grass":25,"minecraft:stone_slab":1,"minecraft:tall_grass":2,"minecraft:lapis_ore":2,"minecraft:spruce_stairs":2,"minecraft:stripped_spruce_wood":1,"minecraft:cobblestone_wall":1,"minecraft:coal_ore":3,"minecraft:cyan_carpet":6,"minecraft:acacia_planks":4,"minecraft:stripped_acacia_wood":19,"minecraft:stone_bricks":16,"minecraft:mossy_stone_bricks":2},"minecraft:custom":{"minecraft:interact_with_crafting_table":28,"minecraft:open_barrel":67,"minecraft:eat_cake_slice":2,"minecraft:leave_game":6,"minecraft:time_since_death":8618,"minecraft:sprint_one_cm":1283062,"minecraft:damage_blocked_by_shield":7752,"minecraft:drop":253,"minecraft:play_noteblock":3,"minecraft:play_time":676070,"minecraft:deaths":14,"minecraft:jump":8562,"minecraft:walk_on_water_one_cm":39135,"minecraft:interact_with_furnace":39,"minecraft:sleep_in_bed":20,"minecraft:damage_dealt":113008,"minecraft:crouch_one_cm":150716,"minecraft:interact_with_smoker":2,"minecraft:mob_kills":430,"minecraft:interact_with_anvil":2,"minecraft:interact_with_campfire":32,"minecraft:damage_dealt_resisted":20752,"minecraft:climb_one_cm":22809,"minecraft:walk_one_cm":1100147,"minecraft:sneak_time":49827,"minecraft:walk_under_water_one_cm":7623,"minecraft:boat_one_cm":170195,"minecraft:interact_with_blast_furnace":10,"minecraft:total_world_time":676070,"minecraft:interact_with_grindstone":1,"minecraft:time_since_rest":8652,"minecraft:damage_taken":18275,"minecraft:damage_absorbed":283,"minecraft:swim_one_cm":26449,"minecraft:fly_one_cm":1577963,"minecraft:open_chest":249,"minecraft:fish_caught":1,"minecraft:fall_one_cm":211663},"minecraft:used":{"minecraft:peony":1,"minecraft:decorated_pot":2,"minecraft:shield":169,"minecraft:stripped_jungle_wood":5,"minecraft:smooth_sandstone_stairs":2,"minecraft:azure_bluet":1,"minecraft:lantern":1,"minecraft:green_wool":1,"minecraft:iron_helmet":1,"minecraft:stone_brick_stairs":2,"minecraft:stone_bricks":8,"minecraft:hay_block":18,"minecraft:furnace":3,"minecraft:stripped_spruce_wood":1,"minecraft:stone_pickaxe":18,"minecraft:oak_planks":321,"minecraft:ender_pearl":2,"minecraft:wooden_pickaxe":3,"minecraft:sandstone":5,"minecraft:golden_apple":7,"more_bows_and_arrows:diamond_bow":21,"minecraft:bread":33,"minecraft:string":1,"minecraft:cyan_carpet":1,"minecraft:golden_helmet":5,"minecraft:stripped_warped_hyphae":1,"minecraft:nether_wart_block":2,"minecraft:diamond_sword":1677,"minecraft:andesite":127,"minecraft:oak_boat":3,"minecraft:cherry_boat":4,"minecraft:iron_bars":1,"minecraft:flint_and_steel":2,"minecraft:spruce_planks":30,"minecraft:netherrack":413,"minecraft:orange_bed":2,"minecraft:torch":67,"minecraft:dirt":64,"minecraft:spruce_stairs":2,"minecraft:cobblestone_wall":1,"minecraft:diamond_helmet":5,"minecraft:oak_wood":1,"minecraft:spruce_fence":4,"minecraft:nether_brick_stairs":1,"minecraft:dark_oak_planks":8,"minecraft:iron_axe":147,"minecraft:spawner":1,"minecraft:iron_boots":1,"minecraft:smooth_quartz":76,"minecraft:diamond_chestplate":2,"minecraft:golden_carrot":29,"minecraft:cooked_beef":46,"minecraft:acacia_planks":49,"minecraft:cooked_mutton":24,"minecraft:water_bucket":26,"minecraft:birch_planks":4,"minecraft:baked_potato":28,"minecraft:cherry_planks":60,"minecraft:green_bed":7,"minecraft:polished_blackstone_bricks":1,"minecraft:crafting_table":10,"minecraft:white_bed":16,"minecraft:warped_planks":4,"minecraft:oak_log":1,"minecraft:apple":4,"minecraft:cracked_polished_blackstone_bricks":2,"minecraft:iron_pickaxe":928,"minecraft:spruce_trapdoor":1,"minecraft:stone_axe":37,"minecraft:pink_petals":1,"minecraft:fishing_rod":2,"minecraft:cobblestone":312,"minecraft:cooked_porkchop":39,"minecraft:bucket":25,"minecraft:splash_potion":2,"minecraft:diamond_leggings":1},"minecraft:crafted":{"minecraft:oak_planks":280,"minecraft:cherry_boat":1,"metalbundles:leather_bundle":3,"minecraft:diamond_leggings":1,"metalbundles:iron_bundle":3,"minecraft:crafting_table":4,"minecraft:wooden_pickaxe":1,"minecraft:birch_planks":4,"metalbundles:copper_bundle":3,"minecraft:charcoal":12,"minecraft:shield":1,"minecraft:stick":8,"minecraft:iron_ingot":42,"minecraft:iron_pickaxe":3,"minecraft:cherry_planks":68,"minecraft:furnace":1,"metalbundles:diamond_bundle":2,"minecraft:stone_pickaxe":1,"minecraft:dark_oak_planks":4,"minecraft:diamond_sword":7,"minecraft:stone_axe":2,"metalbundles:golden_bundle":2,"minecraft:air":0,"minecraft:oak_boat":1,"minecraft:iron_leggings":1,"minecraft:white_bed":2,"minecraft:acacia_planks":52,"minecraft:torch":4},"minecraft:dropped":{"minecraft:iron_sword":1,"minecraft:soul_sand":1,"minecraft:porkchop":15,"minecraft:dark_oak_stairs":5,"minecraft:stripped_mangrove_wood":1,"minecraft:cooked_beef":2,"minecraft:glass_bottle":1,"minecraft:diamond":1,"minecraft:crafting_table":1,"minecraft:decorated_pot":1,"minecraft:dark_oak_slab":1,"minecraft:netherite_upgrade_smithing_template":1,"minecraft:leather":4,"minecraft:honeycomb":3,"minecraft:cod":1,"minecraft:emerald":18,"minecraft:gold_block":18,"minecraft:dirt":1,"minecraft:stone_button":1,"minecraft:dark_oak_trapdoor":2,"minecraft:mutton":22,"minecraft:dark_oak_wood":2,"minecraft:gold_nugget":19,"minecraft:phantom_membrane":1,"minecraft:iron_pickaxe":2,"minecraft:dark_oak_planks":14,"minecraft:fishing_rod":1,"minecraft:white_wool":8,"minecraft:green_wool":2,"minecraft:cyan_carpet":26,"minecraft:gold_ingot":1,"minecraft:bone":97,"minecraft:gravel":1,"minecraft:stone_axe":2,"minecraft:sugar_cane":8,"minecraft:golden_chestplate":1,"minecraft:birch_sapling":2,"minecraft:cherry_sapling":13,"minecraft:rotten_flesh":17,"minecraft:oak_planks":17,"minecraft:birch_wood":1,"minecraft:glowstone_dust":52,"minecraft:white_bed":2,"metalbundles:diamond_bundle":2,"minecraft:skeleton_skull":1,"minecraft:charcoal":9,"minecraft:stone_brick_wall":1,"minecraft:basalt":4,"minecraft:iron_bars":3,"minecraft:arrow":115,"metalbundles:golden_bundle":1,"minecraft:quartz":13,"minecraft:enchanting_table":1,"minecraft:egg":1,"minecraft:golden_boots":4,"minecraft:iron_ingot":55,"minecraft:bread":14,"minecraft:wheat_seeds":10,"minecraft:golden_helmet":2,"minecraft:deepslate_brick_wall":1,"minecraft:diamond_leggings":2,"minecraft:cobblestone":2,"minecraft:book":1,"minecraft:apple":5,"minecraft:granite":2,"minecraft:grass_block":1,"minecraft:coal":73,"minecraft:coal_block":21,"minecraft:gray_wool":1,"minecraft:golden_carrot":1,"minecraft:torch":6,"minecraft:repeater":1,"minecraft:wooden_axe":1,"minecraft:smooth_quartz":23,"minecraft:cherry_planks":3,"minecraft:diamond_helmet":4,"minecraft:potion":1,"minecraft:iron_leggings":1,"minecraft:white_banner":1,"minecraft:orange_bed":1,"minecraft:string":221,"minecraft:pink_petals":8,"minecraft:gray_carpet":1,"minecraft:redstone_block":1,"minecraft:stone_brick_slab":1,"minecraft:redstone":3,"minecraft:furnace":1,"minecraft:nether_wart":26,"minecraft:blaze_rod":6,"minecraft:light_gray_wool":1,"minecraft:nether_bricks":4,"minecraft:flint_and_steel":1,"minecraft:diamond_sword":6,"minecraft:shield":1,"minecraft:diamond_chestplate":3,"minecraft:spruce_planks":10,"minecraft:andesite":15,"minecraft:oak_boat":1,"minecraft:oak_sapling":31,"minecraft:golden_sword":2,"minecraft:spider_eye":35,"minecraft:stone_bricks":7,"minecraft:diamond_boots":1,"minecraft:bow":1,"minecraft:stone_pickaxe":1,"minecraft:wooden_pickaxe":2,"minecraft:green_concrete_powder":2,"minecraft:dark_prismarine":7},"minecraft:picked_up":{"minecraft:wooden_axe":1,"minecraft:iron_chestplate":2,"minecraft:redstone_block":1,"minecraft:diamond_sword":53,"minecraft:potion":1,"minecraft:enchanted_book":1,"minecraft:stone_brick_stairs":2,"minecraft:golden_sword":2,"minecraft:string":897,"minecraft:dark_oak_trapdoor":2,"minecraft:iron_leggings":1,"minecraft:cherry_boat":17,"minecraft:diamond_leggings":17,"minecraft:gold_nugget":19,"minecraft:spruce_planks":59,"minecraft:smooth_quartz":127,"minecraft:iron_pickaxe":19,"minecraft:coal_block":21,"minecraft:furnace":3,"minecraft:iron_boots":2,"minecraft:golden_helmet":4,"minecraft:stick":85,"minecraft:deepslate_brick_wall":1,"minecraft:green_bed":16,"minecraft:torch":156,"minecraft:spruce_stairs":2,"minecraft:porkchop":19,"minecraft:cherry_log":17,"minecraft:warped_planks":4,"minecraft:golden_chestplate":1,"minecraft:orange_bed":3,"minecraft:rotten_flesh":22,"minecraft:armadillo_scute":2,"minecraft:green_wool":3,"minecraft:blaze_rod":6,"minecraft:cod":1,"minecraft:iron_bars":4,"minecraft:cobblestone":532,"minecraft:enchanting_table":1,"minecraft:birch_log":13,"minecraft:pink_petals":9,"minecraft:cooked_beef":89,"minecraft:repeater":2,"minecraft:water_bucket":12,"minecraft:andesite":142,"minecraft:green_concrete_powder":2,"minecraft:potato":540,"minecraft:stripped_spruce_wood":1,"minecraft:smooth_sandstone_stairs":2,"minecraft:wither_skeleton_skull":32,"minecraft:lapis_lazuli":11,"minecraft:lantern":1,"minecraft:dirt":65,"minecraft:name_tag":3,"minecraft:bone":922,"minecraft:acacia_planks":26,"minecraft:bow":1,"minecraft:wheat_seeds":10,"minecraft:birch_wood":1,"minecraft:glowstone_dust":52,"minecraft:diamond_helmet":9,"minecraft:bamboo":30,"minecraft:oak_planks":212,"metalbundles:golden_bundle":1,"minecraft:cooked_porkchop":203,"minecraft:stripped_acacia_wood":23,"minecraft:nether_brick_stairs":1,"minecraft:grass_block":1,"minecraft:dark_prismarine":8,"minecraft:diamond":13,"minecraft:soul_lantern":1,"minecraft:cracked_polished_blackstone_bricks":26,"minecraft:granite":2,"minecraft:golden_apple":95,"minecraft:bread":561,"minecraft:oak_sapling":31,"minecraft:netherrack":1166,"minecraft:fishing_rod":1,"minecraft:crafting_table":7,"metalbundles:leather_bundle":10,"minecraft:azure_bluet":1,"minecraft:ominous_bottle":3,"minecraft:stripped_warped_hyphae":1,"minecraft:nether_wart":26,"minecraft:wooden_pickaxe":1,"minecraft:stone_brick_wall":1,"minecraft:gold_block":34,"minecraft:diamond_horse_armor":9,"more_bows_and_arrows:diamond_bow":4,"minecraft:shield":13,"minecraft:iron_axe":11,"minecraft:flint_and_steel":4,"minecraft:iron_shovel":11,"minecraft:cyan_carpet":33,"minecraft:stripped_warped_stem":1,"minecraft:oak_boat":3,"minecraft:light_gray_wool":1,"minecraft:sugar_cane":136,"minecraft:birch_sapling":2,"minecraft:spruce_trapdoor":1,"minecraft:phantom_membrane":2,"minecraft:egg":1,"minecraft:raw_iron":42,"minecraft:sandstone":5,"minecraft:stripped_mangrove_wood":1,"minecraft:spruce_fence":8,"minecraft:polished_blackstone_bricks":41,"minecraft:stone_button":1,"minecraft:redstone":3,"minecraft:dark_oak_planks":24,"minecraft:arrow":209,"minecraft:diamond_chestplate":17,"minecraft:decorated_pot":3,"minecraft:peony":1,"minecraft:nether_bricks":4,"minecraft:diamond_boots":12,"minecraft:hay_block":443,"minecraft:saddle":9,"minecraft:gold_ingot":20,"minecraft:mutton":28,"minecraft:skeleton_skull":1,"minecraft:white_wool":15,"minecraft:basalt":4,"minecraft:golden_carrot":50,"minecraft:leather":495,"minecraft:oak_log":548,"minecraft:golden_boots":5,"minecraft:nether_wart_block":2,"minecraft:gunpowder":90,"minecraft:cobblestone_wall":1,"minecraft:white_banner":1,"minecraft:spawner":2,"minecraft:cooked_mutton":78,"minecraft:stone_bricks":16,"minecraft:apple":4,"minecraft:gray_carpet":1,"minecraft:iron_ingot":61,"minecraft:soul_sand":1,"minecraft:dark_oak_stairs":5,"minecraft:book":727,"minecraft:dark_oak_slab":1,"minecraft:stone_brick_slab":1,"minecraft:quartz":13,"minecraft:gravel":1,"minecraft:white_bed":25,"minecraft:spider_eye":58,"minecraft:oak_wood":1,"minecraft:stripped_jungle_wood":5,"minecraft:iron_helmet":3,"minecraft:cherry_sapling":13,"minecraft:gray_wool":1,"minecraft:baked_potato":28,"minecraft:dark_oak_wood":3,"minecraft:coal":216,"minecraft:ender_pearl":14}},"DataVersion":3953}