{"stats":{"minecraft:mined":{"minecraft:dark_prismarine":1,"minecraft:stripped_warped_stem":1,"minecraft:white_bed":1,"minecraft:granite":2,"minecraft:grass_block":1,"minecraft:spruce_fence":1,"minecraft:decorated_pot":3,"minecraft:purple_stained_glass_pane":1,"minecraft:spawner":17,"minecraft:large_fern":3,"minecraft:iron_ore":33,"minecraft:andesite":14,"minecraft:bookshelf":13,"minecraft:iron_bars":1,"minecraft:smooth_sandstone_stairs":1,"minecraft:bamboo":1,"minecraft:stone":32,"minecraft:orange_bed":2,"minecraft:stone_brick_slab":1,"minecraft:crafting_table":1,"visualworkbench:minecraft/crafting_table":2,"minecraft:smooth_sandstone":1,"minecraft:torch":2,"minecraft:short_grass":3,"minecraft:cobblestone":6,"minecraft:lapis_ore":2,"minecraft:oak_planks":9,"minecraft:wall_torch":1,"minecraft:warped_planks":4,"minecraft:coal_ore":3,"minecraft:oak_log":13,"minecraft:dirt":7,"minecraft:red_mushroom_block":1,"minecraft:stone_bricks":10,"minecraft:oak_leaves":6},"minecraft:killed":{"minecraft:spider":1,"minecraft:skeleton":7,"minecraft:creeper":2,"minecraft:sheep":15,"minecraft:zombie":4,"minecraft:cow":1},"minecraft:picked_up":{"minecraft:wooden_axe":1,"minecraft:crafting_table":3,"minecraft:iron_chestplate":2,"minecraft:diamond_sword":1,"minecraft:wooden_pickaxe":1,"minecraft:string":1,"minecraft:iron_axe":1,"minecraft:iron_leggings":1,"minecraft:iron_shovel":1,"minecraft:stripped_warped_stem":1,"minecraft:oak_boat":1,"minecraft:iron_pickaxe":1,"minecraft:light_gray_wool":1,"minecraft:birch_sapling":2,"minecraft:iron_boots":2,"minecraft:golden_helmet":1,"minecraft:raw_iron":42,"minecraft:stick":32,"minecraft:sandstone":5,"minecraft:deepslate_brick_wall":1,"minecraft:torch":5,"minecraft:stone_button":1,"minecraft:warped_planks":4,"minecraft:redstone":3,"minecraft:orange_bed":2,"minecraft:arrow":19,"minecraft:diamond_chestplate":1,"minecraft:rotten_flesh":4,"minecraft:decorated_pot":3,"minecraft:peony":1,"minecraft:diamond_boots":1,"minecraft:mutton":20,"minecraft:iron_bars":1,"minecraft:white_wool":13,"minecraft:skeleton_skull":1,"minecraft:cobblestone":49,"minecraft:birch_log":13,"minecraft:cooked_beef":16,"minecraft:water_bucket":1,"minecraft:andesite":15,"minecraft:leather":2,"minecraft:smooth_sandstone_stairs":1,"minecraft:oak_log":101,"minecraft:gunpowder":3,"minecraft:lapis_lazuli":11,"minecraft:dirt":8,"minecraft:bone":11,"minecraft:stone_bricks":8,"minecraft:apple":4,"minecraft:gray_carpet":1,"minecraft:bow":1,"minecraft:wheat_seeds":1,"minecraft:diamond_helmet":2,"minecraft:bamboo":10,"minecraft:oak_planks":9,"minecraft:book":39,"minecraft:stone_brick_slab":1,"minecraft:gravel":1,"minecraft:white_bed":1,"minecraft:dark_prismarine":1,"minecraft:soul_lantern":1,"minecraft:iron_helmet":2,"minecraft:granite":2,"minecraft:gray_wool":1,"minecraft:baked_potato":28,"minecraft:oak_sapling":31,"minecraft:coal":13},"minecraft:dropped":{"minecraft:iron_ingot":38,"minecraft:wheat_seeds":1,"minecraft:golden_helmet":1,"minecraft:deepslate_brick_wall":1,"minecraft:crafting_table":1,"minecraft:decorated_pot":1,"minecraft:leather":2,"minecraft:granite":2,"minecraft:gray_wool":1,"minecraft:stone_button":1,"minecraft:torch":1,"minecraft:wooden_axe":1,"minecraft:diamond_helmet":1,"minecraft:string":1,"minecraft:gray_carpet":1,"minecraft:stone_brick_slab":1,"minecraft:redstone":3,"minecraft:gravel":1,"minecraft:stone_axe":2,"minecraft:birch_sapling":2,"minecraft:rotten_flesh":4,"minecraft:light_gray_wool":1,"minecraft:skeleton_skull":1,"minecraft:andesite":15,"minecraft:oak_sapling":31,"minecraft:stone_bricks":6,"minecraft:bow":1,"minecraft:wooden_pickaxe":2,"minecraft:stone_pickaxe":1},"minecraft:custom":{"minecraft:mob_kills":30,"minecraft:interact_with_crafting_table":8,"minecraft:open_barrel":42,"minecraft:interact_with_campfire":28,"minecraft:eat_cake_slice":2,"minecraft:time_since_death":179440,"minecraft:climb_one_cm":546,"minecraft:sprint_one_cm":243416,"minecraft:walk_one_cm":183551,"minecraft:damage_blocked_by_shield":1210,"minecraft:drop":35,"minecraft:play_time":179440,"minecraft:sneak_time":7105,"minecraft:walk_under_water_one_cm":719,"minecraft:boat_one_cm":8406,"minecraft:jump":1733,"minecraft:walk_on_water_one_cm":4232,"minecraft:total_world_time":179440,"minecraft:interact_with_furnace":28,"minecraft:sleep_in_bed":5,"minecraft:time_since_rest":116949,"minecraft:damage_taken":1421,"minecraft:damage_dealt":3540,"minecraft:swim_one_cm":4685,"minecraft:fly_one_cm":293060,"minecraft:open_chest":50,"minecraft:crouch_one_cm":18815,"minecraft:fall_one_cm":43632},"minecraft:used":{"minecraft:peony":1,"minecraft:iron_bars":1,"minecraft:decorated_pot":2,"minecraft:shield":19,"minecraft:smooth_sandstone_stairs":1,"minecraft:orange_bed":2,"minecraft:torch":3,"minecraft:dirt":8,"minecraft:iron_axe":58,"minecraft:iron_helmet":1,"minecraft:iron_boots":1,"minecraft:stone_bricks":2,"minecraft:cooked_beef":5,"minecraft:water_bucket":1,"minecraft:birch_planks":4,"minecraft:stone_pickaxe":18,"minecraft:baked_potato":28,"minecraft:oak_planks":24,"minecraft:wooden_pickaxe":3,"minecraft:sandstone":5,"minecraft:crafting_table":3,"minecraft:white_bed":1,"minecraft:warped_planks":4,"minecraft:apple":4,"minecraft:iron_pickaxe":105,"minecraft:stone_axe":37,"minecraft:diamond_sword":1,"minecraft:cobblestone":40,"minecraft:bucket":1,"minecraft:oak_boat":1},"minecraft:crafted":{"minecraft:oak_planks":68,"minecraft:stone_pickaxe":1,"minecraft:crafting_table":1,"minecraft:wooden_pickaxe":1,"minecraft:birch_planks":4,"minecraft:stone_axe":2,"minecraft:air":0,"minecraft:oak_boat":1,"minecraft:charcoal":12,"minecraft:shield":1,"minecraft:stick":8,"minecraft:iron_ingot":42,"minecraft:iron_pickaxe":1,"minecraft:iron_leggings":1,"minecraft:white_bed":1,"minecraft:torch":4}},"DataVersion":3953}