{"stats":{"minecraft:mined":{"minecraft:white_bed":1,"visualworkbench:minecraft/crafting_table":2,"minecraft:crafting_table":1,"minecraft:torch":2,"minecraft:granite":2,"minecraft:short_grass":3,"minecraft:grass_block":1,"minecraft:decorated_pot":3,"minecraft:cobblestone":2,"minecraft:lapis_ore":2,"minecraft:large_fern":3,"minecraft:iron_ore":33,"minecraft:andesite":14,"minecraft:bookshelf":4,"minecraft:oak_log":13,"minecraft:coal_ore":3,"minecraft:iron_bars":1,"minecraft:dirt":7,"minecraft:red_mushroom_block":1,"minecraft:stone":32,"minecraft:oak_leaves":2,"minecraft:orange_bed":2},"minecraft:killed":{"minecraft:spider":1,"minecraft:creeper":2,"minecraft:sheep":15,"minecraft:zombie":4,"minecraft:cow":1},"minecraft:picked_up":{"minecraft:wooden_axe":1,"minecraft:birch_log":13,"minecraft:iron_chestplate":1,"minecraft:crafting_table":3,"minecraft:andesite":15,"minecraft:leather":2,"minecraft:wooden_pickaxe":1,"minecraft:oak_log":85,"minecraft:gunpowder":3,"minecraft:lapis_lazuli":11,"minecraft:string":1,"minecraft:dirt":8,"minecraft:iron_axe":1,"minecraft:iron_leggings":1,"minecraft:bone":2,"minecraft:apple":3,"minecraft:wheat_seeds":1,"minecraft:oak_boat":1,"minecraft:light_gray_wool":1,"minecraft:birch_sapling":2,"minecraft:iron_boots":1,"minecraft:book":12,"minecraft:stick":28,"minecraft:raw_iron":42,"minecraft:torch":3,"minecraft:gravel":1,"minecraft:white_bed":1,"minecraft:orange_bed":2,"minecraft:rotten_flesh":4,"minecraft:decorated_pot":3,"minecraft:peony":1,"minecraft:iron_helmet":1,"minecraft:granite":2,"minecraft:gray_wool":1,"minecraft:baked_potato":28,"minecraft:oak_sapling":25,"minecraft:mutton":20,"minecraft:iron_bars":1,"minecraft:coal":13,"minecraft:white_wool":13,"minecraft:cobblestone":44},"minecraft:dropped":{"minecraft:gravel":1,"minecraft:iron_ingot":38,"minecraft:stone_axe":2,"minecraft:crafting_table":1,"minecraft:decorated_pot":1,"minecraft:birch_sapling":2,"minecraft:rotten_flesh":4,"minecraft:leather":2,"minecraft:granite":2,"minecraft:torch":1,"minecraft:wooden_axe":1,"minecraft:oak_sapling":25,"minecraft:stone_pickaxe":1,"minecraft:wooden_pickaxe":2},"minecraft:custom":{"minecraft:interact_with_furnace":28,"minecraft:mob_kills":23,"minecraft:interact_with_crafting_table":8,"minecraft:open_barrel":8,"minecraft:interact_with_campfire":28,"minecraft:eat_cake_slice":2,"minecraft:time_since_death":95440,"minecraft:sleep_in_bed":5,"minecraft:climb_one_cm":530,"minecraft:time_since_rest":32949,"minecraft:sprint_one_cm":169401,"minecraft:damage_taken":420,"minecraft:walk_one_cm":120964,"minecraft:damage_blocked_by_shield":715,"minecraft:drop":19,"minecraft:damage_dealt":2775,"minecraft:swim_one_cm":2336,"minecraft:fly_one_cm":160625,"minecraft:open_chest":8,"minecraft:crouch_one_cm":13838,"minecraft:play_time":95440,"minecraft:sneak_time":4635,"minecraft:walk_under_water_one_cm":487,"minecraft:boat_one_cm":8406,"minecraft:jump":1087,"minecraft:walk_on_water_one_cm":1626,"minecraft:total_world_time":95440,"minecraft:fall_one_cm":23442},"minecraft:used":{"minecraft:peony":1,"minecraft:iron_bars":1,"minecraft:birch_planks":4,"minecraft:stone_pickaxe":18,"minecraft:baked_potato":14,"minecraft:oak_planks":4,"minecraft:decorated_pot":2,"minecraft:wooden_pickaxe":3,"minecraft:shield":9,"minecraft:orange_bed":2,"minecraft:torch":2,"minecraft:dirt":8,"minecraft:crafting_table":3,"minecraft:white_bed":1,"minecraft:apple":3,"minecraft:iron_axe":21,"minecraft:iron_pickaxe":70,"minecraft:iron_helmet":1,"minecraft:iron_boots":1,"minecraft:stone_axe":37,"minecraft:cobblestone":17,"minecraft:oak_boat":1},"minecraft:crafted":{"minecraft:oak_planks":68,"minecraft:crafting_table":1,"minecraft:wooden_pickaxe":1,"minecraft:birch_planks":4,"minecraft:stone_axe":2,"minecraft:air":0,"minecraft:oak_boat":1,"minecraft:charcoal":12,"minecraft:shield":1,"minecraft:stick":8,"minecraft:iron_ingot":42,"minecraft:iron_pickaxe":1,"minecraft:stone_pickaxe":1,"minecraft:white_bed":1,"minecraft:torch":4}},"DataVersion":3953}