{"stats":{"minecraft:mined":{"minecraft:dark_oak_planks":4,"minecraft:stripped_warped_stem":1,"minecraft:spruce_planks":17,"minecraft:white_bed":14,"minecraft:granite":2,"minecraft:grass_block":2,"minecraft:purple_stained_glass_pane":1,"minecraft:spawner":55,"minecraft:dark_oak_trapdoor":2,"minecraft:iron_ore":33,"minecraft:azure_bluet":3,"minecraft:dark_oak_stairs":4,"minecraft:iron_bars":1,"minecraft:smooth_sandstone_stairs":2,"minecraft:stripped_mangrove_wood":1,"minecraft:green_bed":2,"minecraft:orange_bed":2,"visualworkbench:minecraft/crafting_table":6,"minecraft:torch":2,"minecraft:green_concrete_powder":2,"minecraft:cobblestone":11,"minecraft:birch_wood":1,"minecraft:oak_planks":23,"minecraft:wall_torch":1,"minecraft:dark_oak_slab":1,"minecraft:warped_planks":4,"minecraft:oak_log":13,"minecraft:dirt":7,"minecraft:smooth_quartz":44,"minecraft:red_mushroom_block":1,"minecraft:oak_leaves":7,"minecraft:dark_prismarine":8,"minecraft:spruce_fence":8,"minecraft:decorated_pot":3,"minecraft:large_fern":3,"minecraft:hay_block":57,"minecraft:furnace":2,"minecraft:andesite":14,"minecraft:bookshelf":21,"minecraft:bamboo":1,"minecraft:stone":45,"minecraft:green_wool":2,"minecraft:stone_brick_slab":1,"minecraft:smooth_sandstone":1,"minecraft:crafting_table":1,"minecraft:short_grass":16,"minecraft:tall_grass":2,"minecraft:lapis_ore":2,"minecraft:spruce_stairs":2,"minecraft:stripped_spruce_wood":1,"minecraft:cobblestone_wall":1,"minecraft:coal_ore":3,"minecraft:cyan_carpet":6,"minecraft:acacia_planks":4,"minecraft:stone_bricks":16},"minecraft:killed":{"minecraft:cave_spider":42,"minecraft:spider":31,"minecraft:skeleton":24,"minecraft:zombie_villager":1,"minecraft:creeper":3,"minecraft:sheep":15,"minecraft:pillager":3,"minecraft:zombie":6,"minecraft:cow":1,"minecraft:wither_skeleton":184},"minecraft:picked_up":{"minecraft:wooden_axe":1,"minecraft:iron_chestplate":2,"minecraft:diamond_sword":42,"minecraft:potion":1,"minecraft:string":832,"minecraft:dark_oak_trapdoor":2,"minecraft:iron_leggings":1,"minecraft:cherry_boat":11,"minecraft:diamond_leggings":9,"minecraft:spruce_planks":43,"minecraft:smooth_quartz":113,"minecraft:iron_pickaxe":11,"minecraft:coal_block":21,"minecraft:furnace":3,"minecraft:iron_boots":2,"minecraft:golden_helmet":1,"minecraft:stick":44,"minecraft:deepslate_brick_wall":1,"minecraft:green_bed":11,"minecraft:torch":112,"minecraft:spruce_stairs":2,"minecraft:cherry_log":17,"minecraft:warped_planks":4,"minecraft:orange_bed":2,"minecraft:rotten_flesh":12,"minecraft:armadillo_scute":1,"minecraft:green_wool":2,"minecraft:iron_bars":1,"minecraft:cobblestone":147,"minecraft:enchanting_table":1,"minecraft:birch_log":13,"minecraft:pink_petals":9,"minecraft:cooked_beef":26,"minecraft:water_bucket":9,"minecraft:andesite":15,"minecraft:green_concrete_powder":2,"minecraft:potato":480,"minecraft:stripped_spruce_wood":1,"minecraft:smooth_sandstone_stairs":2,"minecraft:wither_skeleton_skull":26,"minecraft:lapis_lazuli":11,"minecraft:lantern":1,"minecraft:dirt":9,"minecraft:name_tag":3,"minecraft:bone":820,"minecraft:acacia_planks":26,"minecraft:bow":1,"minecraft:wheat_seeds":3,"minecraft:birch_wood":1,"minecraft:diamond_helmet":4,"minecraft:bamboo":10,"minecraft:oak_planks":54,"metalbundles:golden_bundle":1,"minecraft:cooked_porkchop":203,"minecraft:dark_prismarine":8,"minecraft:diamond":9,"minecraft:soul_lantern":1,"minecraft:granite":2,"minecraft:golden_apple":25,"minecraft:bread":512,"minecraft:oak_sapling":31,"minecraft:crafting_table":7,"metalbundles:leather_bundle":9,"minecraft:azure_bluet":1,"minecraft:ominous_bottle":1,"minecraft:stripped_warped_hyphae":1,"minecraft:wooden_pickaxe":1,"minecraft:diamond_horse_armor":8,"minecraft:shield":9,"minecraft:iron_axe":8,"minecraft:iron_shovel":9,"minecraft:cyan_carpet":33,"minecraft:stripped_warped_stem":1,"minecraft:oak_boat":3,"minecraft:light_gray_wool":1,"minecraft:birch_sapling":2,"minecraft:spruce_trapdoor":1,"minecraft:raw_iron":42,"minecraft:sandstone":5,"minecraft:stripped_mangrove_wood":1,"minecraft:spruce_fence":7,"minecraft:stone_button":1,"minecraft:redstone":3,"minecraft:dark_oak_planks":24,"minecraft:arrow":82,"minecraft:diamond_chestplate":11,"minecraft:decorated_pot":3,"minecraft:peony":1,"minecraft:diamond_boots":7,"minecraft:hay_block":393,"minecraft:saddle":8,"minecraft:gold_ingot":16,"minecraft:mutton":24,"minecraft:white_wool":13,"minecraft:skeleton_skull":1,"minecraft:golden_carrot":34,"minecraft:leather":425,"minecraft:oak_log":468,"minecraft:gunpowder":75,"minecraft:cobblestone_wall":1,"minecraft:cooked_mutton":78,"minecraft:stone_bricks":14,"minecraft:apple":4,"minecraft:gray_carpet":1,"minecraft:iron_ingot":49,"minecraft:dark_oak_stairs":5,"minecraft:book":599,"minecraft:dark_oak_slab":1,"minecraft:stone_brick_slab":1,"minecraft:gravel":1,"minecraft:white_bed":21,"minecraft:spider_eye":57,"minecraft:oak_wood":1,"minecraft:iron_helmet":3,"minecraft:cherry_sapling":13,"minecraft:gray_wool":1,"minecraft:baked_potato":28,"minecraft:dark_oak_wood":3,"minecraft:coal":209,"minecraft:ender_pearl":10},"minecraft:dropped":{"minecraft:iron_sword":1,"minecraft:dark_oak_stairs":5,"minecraft:stripped_mangrove_wood":1,"minecraft:cooked_beef":2,"minecraft:glass_bottle":1,"minecraft:diamond":1,"minecraft:crafting_table":1,"minecraft:decorated_pot":1,"minecraft:dark_oak_slab":1,"minecraft:leather":2,"minecraft:honeycomb":3,"minecraft:emerald":18,"minecraft:dirt":1,"minecraft:stone_button":1,"minecraft:dark_oak_wood":2,"minecraft:mutton":20,"minecraft:dark_oak_trapdoor":2,"minecraft:dark_oak_planks":14,"minecraft:white_wool":7,"minecraft:cyan_carpet":26,"minecraft:gold_ingot":1,"minecraft:bone":87,"minecraft:green_wool":2,"minecraft:gravel":1,"minecraft:stone_axe":2,"minecraft:birch_sapling":2,"minecraft:cherry_sapling":13,"minecraft:rotten_flesh":7,"minecraft:oak_planks":13,"minecraft:birch_wood":1,"minecraft:white_bed":2,"metalbundles:diamond_bundle":2,"minecraft:skeleton_skull":1,"minecraft:charcoal":9,"minecraft:arrow":59,"metalbundles:golden_bundle":1,"minecraft:enchanting_table":1,"minecraft:iron_ingot":39,"minecraft:bread":14,"minecraft:wheat_seeds":3,"minecraft:golden_helmet":1,"minecraft:deepslate_brick_wall":1,"minecraft:book":1,"minecraft:apple":5,"minecraft:granite":2,"minecraft:coal":37,"minecraft:coal_block":21,"minecraft:gray_wool":1,"minecraft:golden_carrot":1,"minecraft:torch":6,"minecraft:wooden_axe":1,"minecraft:smooth_quartz":23,"minecraft:cherry_planks":3,"minecraft:diamond_helmet":3,"minecraft:potion":1,"minecraft:iron_leggings":1,"minecraft:string":220,"minecraft:pink_petals":8,"minecraft:gray_carpet":1,"minecraft:stone_brick_slab":1,"minecraft:redstone":3,"minecraft:furnace":1,"minecraft:light_gray_wool":1,"minecraft:diamond_sword":3,"minecraft:shield":1,"minecraft:diamond_chestplate":2,"minecraft:spruce_planks":5,"minecraft:andesite":15,"minecraft:oak_boat":1,"minecraft:oak_sapling":31,"minecraft:spider_eye":34,"minecraft:stone_bricks":6,"minecraft:bow":1,"minecraft:stone_pickaxe":1,"minecraft:wooden_pickaxe":2,"minecraft:green_concrete_powder":2,"minecraft:dark_prismarine":7},"minecraft:killed_by":{"minecraft:wither_skeleton":7,"minecraft:cave_spider":1,"minecraft:skeleton":2},"minecraft:custom":{"minecraft:interact_with_crafting_table":25,"minecraft:open_barrel":59,"minecraft:eat_cake_slice":2,"minecraft:leave_game":4,"minecraft:time_since_death":48587,"minecraft:sprint_one_cm":823686,"minecraft:damage_blocked_by_shield":5277,"minecraft:drop":160,"minecraft:play_noteblock":3,"minecraft:play_time":449878,"minecraft:deaths":10,"minecraft:jump":4932,"minecraft:walk_on_water_one_cm":10912,"minecraft:interact_with_furnace":39,"minecraft:sleep_in_bed":12,"minecraft:damage_dealt":89531,"minecraft:crouch_one_cm":63283,"minecraft:interact_with_smoker":2,"minecraft:mob_kills":314,"minecraft:interact_with_anvil":2,"minecraft:interact_with_campfire":32,"minecraft:damage_dealt_resisted":20752,"minecraft:climb_one_cm":6024,"minecraft:walk_one_cm":744529,"minecraft:sneak_time":25579,"minecraft:walk_under_water_one_cm":2601,"minecraft:boat_one_cm":47793,"minecraft:interact_with_blast_furnace":3,"minecraft:total_world_time":449878,"minecraft:interact_with_grindstone":1,"minecraft:time_since_rest":48780,"minecraft:damage_taken":13042,"minecraft:damage_absorbed":163,"minecraft:swim_one_cm":4685,"minecraft:fly_one_cm":873398,"minecraft:open_chest":118,"minecraft:fall_one_cm":105062},"minecraft:used":{"minecraft:peony":1,"minecraft:decorated_pot":2,"minecraft:shield":134,"minecraft:smooth_sandstone_stairs":2,"minecraft:azure_bluet":1,"minecraft:lantern":1,"minecraft:iron_helmet":1,"minecraft:stone_bricks":8,"minecraft:hay_block":18,"minecraft:furnace":3,"minecraft:stripped_spruce_wood":1,"minecraft:stone_pickaxe":18,"minecraft:oak_planks":252,"minecraft:ender_pearl":1,"minecraft:wooden_pickaxe":3,"minecraft:sandstone":5,"minecraft:golden_apple":4,"minecraft:bread":12,"minecraft:string":1,"minecraft:cyan_carpet":1,"minecraft:stripped_warped_hyphae":1,"minecraft:diamond_sword":1272,"minecraft:oak_boat":3,"minecraft:cherry_boat":2,"minecraft:iron_bars":1,"minecraft:spruce_planks":23,"minecraft:orange_bed":2,"minecraft:torch":62,"minecraft:dirt":8,"minecraft:spruce_stairs":2,"minecraft:cobblestone_wall":1,"minecraft:oak_wood":1,"minecraft:spruce_fence":3,"minecraft:dark_oak_planks":8,"minecraft:iron_axe":109,"minecraft:iron_boots":1,"minecraft:smooth_quartz":62,"minecraft:diamond_chestplate":2,"minecraft:golden_carrot":17,"minecraft:cooked_beef":24,"minecraft:acacia_planks":34,"minecraft:cooked_mutton":24,"minecraft:water_bucket":13,"minecraft:birch_planks":4,"minecraft:baked_potato":28,"minecraft:cherry_planks":60,"minecraft:green_bed":2,"minecraft:crafting_table":9,"minecraft:white_bed":12,"minecraft:warped_planks":4,"minecraft:oak_log":1,"minecraft:apple":4,"minecraft:iron_pickaxe":240,"minecraft:spruce_trapdoor":1,"minecraft:stone_axe":37,"minecraft:pink_petals":1,"minecraft:cobblestone":58,"minecraft:cooked_porkchop":37,"minecraft:bucket":13},"minecraft:broken":{"minecraft:diamond_boots":1,"minecraft:diamond_leggings":1,"minecraft:shield":2,"minecraft:iron_helmet":1},"minecraft:crafted":{"minecraft:oak_planks":272,"minecraft:cherry_boat":1,"metalbundles:leather_bundle":3,"metalbundles:iron_bundle":2,"minecraft:crafting_table":3,"minecraft:wooden_pickaxe":1,"minecraft:birch_planks":4,"metalbundles:copper_bundle":2,"minecraft:charcoal":12,"minecraft:shield":1,"minecraft:stick":8,"minecraft:iron_ingot":42,"minecraft:iron_pickaxe":2,"minecraft:cherry_planks":68,"minecraft:furnace":1,"metalbundles:diamond_bundle":2,"minecraft:stone_pickaxe":1,"minecraft:dark_oak_planks":4,"minecraft:diamond_sword":6,"minecraft:stone_axe":2,"metalbundles:golden_bundle":2,"minecraft:air":0,"minecraft:oak_boat":1,"minecraft:iron_leggings":1,"minecraft:white_bed":2,"minecraft:torch":4}},"DataVersion":3953}