{"stats":{"minecraft:mined":{"minecraft:dark_prismarine":1,"minecraft:stripped_warped_stem":1,"minecraft:white_bed":8,"minecraft:granite":2,"minecraft:grass_block":1,"minecraft:spruce_fence":1,"minecraft:decorated_pot":3,"minecraft:purple_stained_glass_pane":1,"minecraft:spawner":19,"minecraft:large_fern":3,"minecraft:hay_block":56,"minecraft:furnace":1,"minecraft:dark_oak_trapdoor":2,"minecraft:iron_ore":33,"minecraft:andesite":14,"minecraft:dark_oak_stairs":2,"minecraft:azure_bluet":3,"minecraft:bookshelf":17,"minecraft:iron_bars":1,"minecraft:smooth_sandstone_stairs":1,"minecraft:stripped_mangrove_wood":1,"minecraft:bamboo":1,"minecraft:stone":44,"minecraft:green_wool":2,"minecraft:orange_bed":2,"minecraft:stone_brick_slab":1,"minecraft:crafting_table":1,"visualworkbench:minecraft/crafting_table":5,"minecraft:smooth_sandstone":1,"minecraft:torch":2,"minecraft:short_grass":6,"minecraft:green_concrete_powder":2,"minecraft:cobblestone":6,"minecraft:lapis_ore":2,"minecraft:oak_planks":14,"minecraft:wall_torch":1,"minecraft:dark_oak_slab":1,"minecraft:warped_planks":4,"minecraft:coal_ore":3,"minecraft:oak_log":13,"minecraft:dirt":7,"minecraft:red_mushroom_block":1,"minecraft:stone_bricks":10,"minecraft:oak_leaves":7,"minecraft:dark_oak_planks":3},"minecraft:killed":{"minecraft:spider":1,"minecraft:skeleton":13,"minecraft:creeper":3,"minecraft:sheep":15,"minecraft:zombie":4,"minecraft:cow":1},"minecraft:picked_up":{"minecraft:wooden_axe":1,"minecraft:crafting_table":6,"minecraft:iron_chestplate":2,"minecraft:azure_bluet":1,"minecraft:diamond_sword":1,"minecraft:wooden_pickaxe":1,"minecraft:potion":1,"minecraft:string":2,"minecraft:dark_oak_trapdoor":2,"minecraft:iron_axe":1,"minecraft:iron_leggings":1,"minecraft:iron_shovel":1,"minecraft:cherry_boat":1,"minecraft:stripped_warped_stem":1,"minecraft:oak_boat":3,"minecraft:iron_pickaxe":1,"minecraft:light_gray_wool":1,"minecraft:birch_sapling":2,"minecraft:furnace":1,"minecraft:iron_boots":2,"minecraft:golden_helmet":1,"minecraft:raw_iron":42,"minecraft:stick":44,"minecraft:sandstone":5,"minecraft:stripped_mangrove_wood":1,"minecraft:deepslate_brick_wall":1,"minecraft:torch":35,"minecraft:cherry_log":17,"minecraft:stone_button":1,"minecraft:warped_planks":4,"minecraft:redstone":3,"minecraft:dark_oak_planks":3,"minecraft:orange_bed":2,"minecraft:arrow":28,"minecraft:diamond_chestplate":1,"minecraft:rotten_flesh":4,"minecraft:decorated_pot":3,"minecraft:peony":1,"minecraft:diamond_boots":1,"minecraft:hay_block":56,"minecraft:green_wool":2,"minecraft:gold_ingot":7,"minecraft:mutton":24,"minecraft:iron_bars":1,"minecraft:white_wool":13,"minecraft:skeleton_skull":1,"minecraft:cobblestone":61,"minecraft:birch_log":13,"minecraft:pink_petals":7,"minecraft:cooked_beef":26,"minecraft:water_bucket":1,"minecraft:andesite":15,"minecraft:leather":59,"minecraft:green_concrete_powder":2,"minecraft:smooth_sandstone_stairs":1,"minecraft:oak_log":101,"minecraft:gunpowder":5,"minecraft:lapis_lazuli":11,"minecraft:lantern":1,"minecraft:dirt":8,"minecraft:cooked_mutton":24,"minecraft:bone":17,"minecraft:stone_bricks":8,"minecraft:apple":4,"minecraft:gray_carpet":1,"minecraft:bow":1,"minecraft:wheat_seeds":2,"minecraft:diamond_helmet":2,"minecraft:bamboo":10,"minecraft:oak_planks":14,"minecraft:dark_oak_stairs":2,"minecraft:book":51,"minecraft:dark_oak_slab":1,"minecraft:stone_brick_slab":1,"minecraft:gravel":1,"minecraft:white_bed":8,"minecraft:dark_prismarine":1,"minecraft:soul_lantern":1,"minecraft:iron_helmet":2,"minecraft:granite":2,"minecraft:cherry_sapling":13,"minecraft:golden_apple":1,"minecraft:gray_wool":1,"minecraft:baked_potato":28,"minecraft:oak_sapling":31,"minecraft:coal":13,"minecraft:ender_pearl":1},"minecraft:dropped":{"minecraft:bread":14,"minecraft:iron_ingot":38,"minecraft:iron_sword":1,"minecraft:dark_oak_stairs":2,"minecraft:stripped_mangrove_wood":1,"minecraft:wheat_seeds":2,"minecraft:golden_helmet":1,"minecraft:glass_bottle":1,"minecraft:deepslate_brick_wall":1,"minecraft:crafting_table":1,"minecraft:decorated_pot":1,"minecraft:dark_oak_slab":1,"minecraft:apple":5,"minecraft:leather":2,"minecraft:honeycomb":3,"minecraft:granite":2,"minecraft:emerald":1,"minecraft:gray_wool":1,"minecraft:stone_button":1,"minecraft:torch":6,"minecraft:dark_oak_trapdoor":2,"minecraft:mutton":20,"minecraft:wooden_axe":1,"minecraft:cherry_planks":3,"minecraft:diamond_helmet":1,"minecraft:potion":1,"minecraft:dark_oak_planks":3,"minecraft:string":1,"minecraft:pink_petals":7,"minecraft:white_wool":7,"minecraft:gray_carpet":1,"minecraft:green_wool":2,"minecraft:stone_brick_slab":1,"minecraft:redstone":3,"minecraft:gravel":1,"minecraft:stone_axe":2,"minecraft:birch_sapling":2,"minecraft:cherry_sapling":13,"minecraft:rotten_flesh":4,"minecraft:light_gray_wool":1,"minecraft:oak_planks":3,"minecraft:white_bed":1,"minecraft:skeleton_skull":1,"minecraft:charcoal":9,"minecraft:andesite":15,"minecraft:oak_boat":1,"minecraft:oak_sapling":31,"minecraft:stone_bricks":6,"minecraft:bow":1,"minecraft:wooden_pickaxe":2,"minecraft:stone_pickaxe":1,"minecraft:green_concrete_powder":2},"minecraft:custom":{"minecraft:mob_kills":37,"minecraft:interact_with_crafting_table":15,"minecraft:open_barrel":58,"minecraft:interact_with_campfire":32,"minecraft:eat_cake_slice":2,"minecraft:time_since_death":239440,"minecraft:climb_one_cm":4320,"minecraft:sprint_one_cm":377779,"minecraft:walk_one_cm":292072,"minecraft:damage_blocked_by_shield":2170,"minecraft:drop":68,"minecraft:play_time":239440,"minecraft:sneak_time":12107,"minecraft:walk_under_water_one_cm":875,"minecraft:boat_one_cm":36856,"minecraft:jump":2347,"minecraft:interact_with_blast_furnace":1,"minecraft:walk_on_water_one_cm":6840,"minecraft:total_world_time":239440,"minecraft:interact_with_furnace":33,"minecraft:sleep_in_bed":10,"minecraft:time_since_rest":10674,"minecraft:damage_taken":1910,"minecraft:damage_dealt":5360,"minecraft:swim_one_cm":4685,"minecraft:fly_one_cm":461688,"minecraft:open_chest":57,"minecraft:crouch_one_cm":37369,"minecraft:interact_with_smoker":2,"minecraft:fall_one_cm":59730},"minecraft:used":{"minecraft:peony":1,"minecraft:iron_bars":1,"minecraft:decorated_pot":2,"minecraft:shield":27,"minecraft:smooth_sandstone_stairs":1,"minecraft:orange_bed":2,"minecraft:torch":3,"minecraft:dirt":8,"minecraft:azure_bluet":1,"minecraft:lantern":1,"minecraft:iron_axe":81,"minecraft:iron_helmet":1,"minecraft:iron_boots":1,"minecraft:stone_bricks":2,"minecraft:hay_block":13,"minecraft:furnace":2,"minecraft:cooked_beef":14,"minecraft:water_bucket":5,"minecraft:birch_planks":4,"minecraft:stone_pickaxe":18,"minecraft:baked_potato":28,"minecraft:oak_planks":88,"minecraft:wooden_pickaxe":3,"minecraft:cherry_planks":8,"minecraft:sandstone":5,"minecraft:crafting_table":7,"minecraft:white_bed":7,"minecraft:warped_planks":4,"minecraft:apple":4,"minecraft:string":1,"minecraft:iron_pickaxe":129,"minecraft:stone_axe":37,"minecraft:diamond_sword":31,"minecraft:cobblestone":43,"minecraft:bucket":5,"minecraft:oak_boat":3,"minecraft:cherry_boat":1},"minecraft:crafted":{"minecraft:cherry_planks":16,"minecraft:oak_planks":132,"minecraft:furnace":1,"minecraft:cherry_boat":1,"minecraft:stone_pickaxe":1,"minecraft:crafting_table":2,"minecraft:wooden_pickaxe":1,"minecraft:birch_planks":4,"minecraft:stone_axe":2,"minecraft:air":0,"minecraft:oak_boat":1,"minecraft:charcoal":12,"minecraft:shield":1,"minecraft:stick":8,"minecraft:iron_ingot":42,"minecraft:iron_pickaxe":1,"minecraft:iron_leggings":1,"minecraft:white_bed":2,"minecraft:torch":4}},"DataVersion":3953}