{"stats":{"minecraft:mined":{"minecraft:stripped_warped_stem":1,"minecraft:spruce_planks":9,"minecraft:white_bed":1,"minecraft:oak_sapling":2,"minecraft:cherry_log":1,"minecraft:jungle_leaves":4,"minecraft:granite":2,"minecraft:acacia_log":1,"minecraft:grass_block":13,"minecraft:jungle_log":5,"minecraft:deepslate_bricks":2,"minecraft:coal_block":13,"minecraft:stripped_warped_hyphae":1,"minecraft:spawner":11,"minecraft:iron_ore":135,"minecraft:fletching_table":1,"minecraft:anvil":1,"minecraft:enchanting_table":1,"minecraft:dirt_path":1,"minecraft:water_cauldron":1,"minecraft:oak_stairs":2,"minecraft:iron_bars":1,"minecraft:smooth_sandstone_stairs":4,"minecraft:azalea_leaves":3,"minecraft:green_bed":2,"minecraft:deepslate_brick_wall":1,"minecraft:smoker":2,"visualworkbench:minecraft/crafting_table":9,"minecraft:torch":1,"minecraft:blast_furnace":18,"minecraft:calcite":1,"minecraft:cobblestone":11,"minecraft:oak_planks":38,"minecraft:grindstone":4,"minecraft:wall_torch":3,"minecraft:pink_petals":1,"minecraft:warped_planks":2,"minecraft:birch_log":1,"minecraft:wheat":242,"minecraft:lilac":1,"minecraft:jukebox":1,"minecraft:oak_log":7,"minecraft:dirt":8,"minecraft:tripwire_hook":1,"minecraft:oak_leaves":1,"minecraft:deepslate":11,"minecraft:diamond_ore":5,"minecraft:tuff":1,"minecraft:mossy_cobblestone":3,"minecraft:deepslate_diamond_ore":1,"minecraft:sandstone":2,"minecraft:large_fern":4,"minecraft:hay_block":18,"minecraft:furnace":4,"minecraft:carrots":14,"minecraft:andesite":150,"minecraft:potatoes":1,"minecraft:deepslate_iron_ore":10,"minecraft:vine":2,"minecraft:stone":377,"minecraft:smooth_sandstone":10,"minecraft:crafting_table":1,"minecraft:short_grass":28,"minecraft:oak_wood":5,"minecraft:tall_grass":16,"minecraft:deepslate_coal_ore":1,"minecraft:lapis_ore":6,"minecraft:stripped_spruce_wood":2,"minecraft:beehive":1,"minecraft:sweet_berry_bush":2,"minecraft:coal_ore":219,"minecraft:ochre_froglight":1,"minecraft:cherry_leaves":1,"minecraft:gravel":29,"minecraft:lodestone":1,"minecraft:cobweb":18,"minecraft:stone_bricks":3,"minecraft:warped_slab":1},"minecraft:killed":{"minecraft:cave_spider":27,"minecraft:witch":1,"minecraft:spider":45,"minecraft:skeleton":24,"minecraft:chicken":6,"minecraft:pig":13,"minecraft:zombie_villager":1,"minecraft:iron_golem":1,"minecraft:sheep":3,"minecraft:pillager":2,"minecraft:zombie":4,"minecraft:cow":76,"minecraft:husk":1,"minecraft:wither_skeleton":3,"minecraft:enderman":2},"minecraft:picked_up":{"minecraft:wheat":237,"minecraft:flower_pot":1,"minecraft:anvil":2,"minecraft:diamond_sword":9,"minecraft:oak_stairs":2,"minecraft:enchanted_book":7,"minecraft:potion":2,"minecraft:string":89,"minecraft:iron_leggings":1,"metalbundles:diamond_bundle":5,"minecraft:diamond_leggings":8,"minecraft:cobbled_deepslate":11,"minecraft:spruce_planks":6,"minecraft:rose_bush":8,"minecraft:warped_slab":1,"minecraft:calcite":1,"minecraft:iron_pickaxe":1,"minecraft:coal_block":34,"minecraft:furnace":4,"minecraft:stick":125,"minecraft:beehive":1,"minecraft:jukebox":1,"minecraft:acacia_log":9,"minecraft:torch":49,"minecraft:green_bed":1,"minecraft:porkchop":31,"minecraft:cherry_log":105,"minecraft:warped_planks":2,"minecraft:cauldron":1,"minecraft:rotten_flesh":10,"minecraft:armadillo_scute":1,"minecraft:iron_bars":1,"minecraft:cobblestone":388,"minecraft:enchanting_table":2,"minecraft:birch_log":138,"minecraft:pink_petals":10,"minecraft:cooked_beef":110,"minecraft:feather":6,"minecraft:lilac":3,"minecraft:water_bucket":1,"minecraft:jungle_log":5,"minecraft:andesite":162,"minecraft:smoker":2,"minecraft:potato":8,"minecraft:flint":2,"minecraft:smooth_sandstone_stairs":3,"minecraft:tuff":1,"minecraft:stripped_spruce_wood":2,"minecraft:lapis_lazuli":36,"minecraft:dirt":23,"minecraft:name_tag":1,"minecraft:bone":30,"minecraft:wheat_seeds":650,"minecraft:grindstone":6,"minecraft:fletching_table":1,"minecraft:diamond_helmet":6,"minecraft:oak_planks":40,"minecraft:honeycomb":3,"metalbundles:golden_bundle":1,"minecraft:cooked_porkchop":15,"minecraft:grass_block":1,"minecraft:dead_bush":1,"minecraft:diamond_block":2,"minecraft:mossy_cobblestone":3,"minecraft:diamond":69,"minecraft:soul_lantern":2,"minecraft:granite":2,"minecraft:bone_meal":1,"minecraft:golden_apple":10,"minecraft:emerald":1,"minecraft:oak_sapling":73,"minecraft:diamond_pickaxe":1,"minecraft:charcoal":9,"minecraft:crafting_table":11,"minecraft:ominous_bottle":1,"minecraft:chicken":6,"minecraft:brown_mushroom":1,"more_bows_and_arrows:diamond_bow":1,"minecraft:cornflower":1,"minecraft:iron_axe":1,"minecraft:cyan_carpet":1,"minecraft:stripped_warped_stem":1,"minecraft:beef":157,"minecraft:jungle_sapling":2,"minecraft:birch_sapling":6,"minecraft:egg":2,"minecraft:raw_iron":145,"minecraft:sandstone":8,"minecraft:spruce_fence":1,"minecraft:stone_button":1,"minecraft:carrot":53,"minecraft:redstone":1,"minecraft:diamond_chestplate":4,"minecraft:arrow":86,"minecraft:diamond_boots":6,"minecraft:deepslate_bricks":2,"minecraft:hay_block":18,"minecraft:gold_ingot":97,"minecraft:mutton":24,"minecraft:white_wool":3,"minecraft:golden_carrot":19,"minecraft:tripwire_hook":1,"minecraft:leather":86,"minecraft:ochre_froglight":1,"minecraft:oak_log":283,"minecraft:white_banner":1,"minecraft:cooked_mutton":25,"minecraft:apple":140,"minecraft:stone_bricks":3,"minecraft:iron_ingot":65,"minecraft:acacia_sapling":2,"minecraft:emerald_block":16,"minecraft:sweet_berries":5,"minecraft:gravel":27,"minecraft:blast_furnace":50,"minecraft:white_bed":4,"minecraft:spider_eye":21,"minecraft:oak_wood":5,"minecraft:iron_helmet":1,"minecraft:painting":2,"minecraft:cherry_sapling":9,"minecraft:lodestone":1,"minecraft:coal":257,"minecraft:ender_pearl":2},"minecraft:dropped":{"minecraft:brown_mushroom":1,"minecraft:porkchop":3,"minecraft:ominous_bottle":1,"minecraft:cooked_beef":27,"minecraft:oak_log":1,"minecraft:ender_pearl":2,"minecraft:glass_bottle":1,"minecraft:diamond":9,"minecraft:cooked_porkchop":42,"minecraft:leather":86,"minecraft:dirt":1,"minecraft:cornflower":1,"minecraft:mutton":4,"minecraft:iron_pickaxe":1,"minecraft:cyan_carpet":1,"minecraft:gold_ingot":9,"minecraft:bone":9,"minecraft:gravel":6,"minecraft:goat_horn":1,"minecraft:diamond_block":2,"minecraft:wheat":8,"minecraft:birch_sapling":5,"minecraft:cherry_sapling":9,"minecraft:rotten_flesh":10,"minecraft:grindstone":1,"minecraft:oak_planks":1,"minecraft:cooked_mutton":45,"minecraft:white_bed":2,"minecraft:carrot":42,"minecraft:acacia_sapling":2,"metalbundles:golden_bundle":1,"minecraft:enchanted_book":7,"minecraft:iron_ingot":9,"minecraft:water_bucket":1,"minecraft:wheat_seeds":181,"minecraft:lilac":2,"minecraft:diamond_leggings":8,"minecraft:iron_helmet":3,"minecraft:feather":6,"minecraft:cobblestone":6,"minecraft:apple":64,"minecraft:granite":2,"minecraft:coal":11,"minecraft:golden_apple":7,"minecraft:stick":6,"minecraft:golden_carrot":17,"minecraft:wooden_hoe":1,"minecraft:torch":30,"minecraft:rose_bush":7,"minecraft:diamond_helmet":5,"minecraft:iron_leggings":1,"minecraft:armadillo_scute":1,"minecraft:iron_axe":1,"minecraft:iron_shovel":1,"minecraft:string":15,"minecraft:raw_iron":9,"minecraft:chicken":6,"minecraft:iron_boots":2,"minecraft:blast_furnace":32,"minecraft:diamond_sword":9,"minecraft:potato":8,"minecraft:shield":1,"minecraft:diamond_chestplate":4,"minecraft:spruce_planks":5,"minecraft:iron_chestplate":2,"minecraft:andesite":1,"minecraft:oak_sapling":65,"minecraft:spider_eye":10,"minecraft:diamond_boots":6},"minecraft:killed_by":{"minecraft:skeleton":1},"minecraft:custom":{"minecraft:animals_bred":1,"minecraft:interact_with_crafting_table":62,"minecraft:open_barrel":61,"minecraft:eat_cake_slice":2,"minecraft:time_since_death":6784,"minecraft:sprint_one_cm":571948,"minecraft:damage_blocked_by_shield":2265,"minecraft:drop":207,"minecraft:play_noteblock":1,"minecraft:talked_to_villager":28,"minecraft:play_time":311376,"minecraft:deaths":1,"minecraft:jump":4256,"minecraft:walk_on_water_one_cm":23457,"minecraft:interact_with_furnace":146,"minecraft:traded_with_villager":127,"minecraft:sleep_in_bed":13,"minecraft:damage_dealt":42514,"minecraft:crouch_one_cm":7290,"minecraft:interact_with_smoker":26,"minecraft:mob_kills":211,"minecraft:interact_with_campfire":4,"minecraft:damage_dealt_resisted":1775,"minecraft:climb_one_cm":4772,"minecraft:walk_one_cm":711971,"minecraft:sneak_time":9734,"minecraft:walk_under_water_one_cm":19772,"minecraft:boat_one_cm":44683,"minecraft:interact_with_blast_furnace":13,"minecraft:total_world_time":311376,"minecraft:pot_flower":2,"minecraft:interact_with_grindstone":5,"minecraft:time_since_rest":6820,"minecraft:damage_absorbed":41,"minecraft:damage_taken":2583,"minecraft:swim_one_cm":21275,"minecraft:fly_one_cm":717176,"minecraft:open_chest":119,"minecraft:fall_one_cm":104571},"minecraft:used":{"minecraft:chest":4,"minecraft:shield":177,"minecraft:iron_sword":12,"minecraft:iron_chestplate":1,"minecraft:carrot":11,"minecraft:beehive":1,"minecraft:jungle_sapling":2,"minecraft:grass_block":1,"minecraft:birch_sapling":1,"minecraft:iron_helmet":3,"minecraft:bow":50,"minecraft:hay_block":3,"minecraft:sweet_berries":2,"minecraft:furnace":13,"minecraft:oak_sapling":8,"minecraft:egg":2,"minecraft:stone_pickaxe":602,"minecraft:oak_planks":45,"minecraft:wooden_pickaxe":21,"minecraft:sandstone":5,"minecraft:golden_apple":1,"minecraft:blast_furnace":2,"minecraft:ochre_froglight":1,"minecraft:shears":1,"minecraft:string":2,"more_bows_and_arrows:diamond_bow":68,"minecraft:bread":22,"minecraft:warped_slab":1,"minecraft:stone_button":1,"minecraft:gravel":21,"minecraft:soul_lantern":1,"minecraft:diamond_sword":262,"minecraft:grindstone":3,"minecraft:birch_log":1,"minecraft:andesite":13,"minecraft:bone_meal":25,"minecraft:experience_bottle":135,"minecraft:rose_bush":1,"minecraft:flint_and_steel":3,"minecraft:acacia_log":1,"minecraft:spruce_planks":3,"minecraft:torch":125,"minecraft:dirt":22,"minecraft:wooden_axe":1,"minecraft:oak_stairs":2,"minecraft:iron_axe":260,"minecraft:smooth_quartz":6,"minecraft:iron_boots":1,"minecraft:tripwire_hook":1,"minecraft:goat_horn":1,"minecraft:cooked_beef":31,"minecraft:cherry_log":1,"minecraft:calcite":1,"minecraft:wheat_seeds":191,"minecraft:water_bucket":45,"minecraft:lodestone":1,"metalbundles:diamond_bundle":4,"minecraft:glass_bottle":1,"minecraft:cauldron":1,"minecraft:fletching_table":2,"minecraft:green_bed":1,"minecraft:mossy_cobblestone":3,"minecraft:crafting_table":16,"minecraft:white_bed":3,"minecraft:painting":2,"minecraft:smoker":3,"minecraft:warped_planks":1,"minecraft:oak_log":6,"minecraft:wooden_hoe":21,"minecraft:iron_pickaxe":403,"minecraft:stone_axe":14,"minecraft:pink_petals":10,"minecraft:cobblestone":48,"minecraft:potion":2,"minecraft:white_banner":1,"minecraft:bucket":47},"minecraft:broken":{"minecraft:stone_pickaxe":4,"minecraft:shield":1,"minecraft:iron_axe":2},"minecraft:crafted":{"minecraft:oak_planks":1108,"minecraft:cooked_mutton":20,"minecraft:iron_boots":2,"minecraft:bow":1,"more_bows_and_arrows:diamond_bow":1,"minecraft:chest":4,"minecraft:smoker":1,"minecraft:emerald":240,"minecraft:arrow":48,"minecraft:crafting_table":5,"minecraft:spruce_planks":8,"minecraft:wooden_pickaxe":1,"minecraft:iron_helmet":2,"minecraft:gold_block":10,"minecraft:fletching_table":1,"minecraft:birch_planks":548,"minecraft:wooden_hoe":2,"minecraft:iron_chestplate":2,"minecraft:diamond_pickaxe":1,"minecraft:emerald_block":29,"minecraft:shield":3,"minecraft:stick":3312,"minecraft:iron_ingot":135,"minecraft:iron_pickaxe":2,"minecraft:gold_ingot":27,"minecraft:cherry_planks":416,"minecraft:coal":27,"minecraft:furnace":10,"minecraft:bone_meal":24,"minecraft:diamond_block":6,"minecraft:diamond":28,"minecraft:iron_axe":8,"minecraft:stone_pickaxe":6,"minecraft:wheat":135,"minecraft:cooked_beef":153,"minecraft:coal_block":12,"minecraft:iron_sword":1,"minecraft:bucket":1,"minecraft:stone_axe":3,"more_bows_and_arrows:iron_bow":1,"minecraft:bread":4,"minecraft:air":0,"minecraft:jungle_planks":20,"minecraft:golden_apple":1,"minecraft:wooden_axe":1,"minecraft:iron_leggings":2,"minecraft:white_bed":1,"minecraft:acacia_planks":32,"minecraft:torch":180}},"DataVersion":3953}