{"stats":{"minecraft:broken":{"minecraft:diamond_helmet":1,"minecraft:diamond_leggings":1,"minecraft:shield":1,"minecraft:iron_axe":2,"minecraft:stone_pickaxe":4,"minecraft:diamond_boots":1,"minecraft:golden_axe":1},"minecraft:killed":{"minecraft:cave_spider":116,"minecraft:skeleton":48,"minecraft:chicken":6,"minecraft:magma_cube":35,"minecraft:iron_golem":1,"minecraft:pillager":12,"minecraft:zombie":8,"minecraft:cow":146,"minecraft:husk":1,"minecraft:wandering_trader":1,"minecraft:breeze":1,"minecraft:enderman":3,"minecraft:witch":1,"minecraft:spider":257,"minecraft:silverfish":33,"minecraft:piglin_brute":7,"minecraft:piglin":8,"minecraft:pig":14,"minecraft:zombie_villager":1,"minecraft:creeper":1,"minecraft:sheep":12,"minecraft:trader_llama":1,"minecraft:blaze":19,"minecraft:hoglin":14,"minecraft:wither_skeleton":145},"minecraft:killed_by":{"minecraft:wither_skeleton":1,"minecraft:skeleton":1},"minecraft:mined":{"minecraft:dark_oak_planks":34,"minecraft:stripped_warped_stem":2,"minecraft:white_bed":2,"minecraft:cherry_log":1,"minecraft:jungle_leaves":4,"minecraft:obsidian":17,"minecraft:granite":3,"minecraft:acacia_log":5,"minecraft:stone_brick_wall":4,"minecraft:jungle_log":10,"minecraft:deepslate_bricks":4,"minecraft:coal_block":44,"minecraft:chiseled_tuff_bricks":1,"minecraft:nether_wart":11,"minecraft:spawner":41,"minecraft:polished_blackstone_bricks":12,"minecraft:weeping_vines_plant":1,"minecraft:magma_block":32,"minecraft:cobbled_deepslate":3,"minecraft:fire":33,"minecraft:barrel":2,"minecraft:deepslate_lapis_ore":2,"minecraft:fletching_table":1,"minecraft:nether_brick_stairs":6,"minecraft:enchanting_table":1,"minecraft:water_cauldron":1,"minecraft:dirt_path":1,"minecraft:oak_stairs":2,"minecraft:smooth_sandstone_stairs":6,"easyanvils:minecraft/anvil":1,"minecraft:orange_bed":2,"minecraft:jungle_trapdoor":3,"minecraft:piston_head":1,"minecraft:brown_mushroom":5,"minecraft:deepslate_brick_wall":2,"minecraft:smoker":2,"minecraft:crimson_nylium":4,"minecraft:torch":8,"minecraft:dark_oak_wood":13,"minecraft:blast_furnace":18,"minecraft:green_concrete_powder":1,"minecraft:glass":2,"minecraft:sugar_cane":1,"minecraft:chain":1,"minecraft:repeater":1,"minecraft:mud":1,"minecraft:wheat":242,"minecraft:lilac":1,"minecraft:jukebox":2,"minecraft:warped_fungus":1,"minecraft:stone_brick_stairs":6,"minecraft:smooth_quartz":275,"minecraft:sandstone_wall":3,"minecraft:smooth_basalt":15,"minecraft:deepslate":471,"minecraft:mossy_cobblestone":3,"minecraft:nether_brick_wall":1,"minecraft:nether_bricks":14,"minecraft:spruce_fence":11,"minecraft:jungle_planks":2,"minecraft:stripped_jungle_wood":5,"minecraft:red_mushroom":1,"minecraft:jungle_sapling":9,"minecraft:andesite":167,"minecraft:potatoes":1,"minecraft:vine":7,"minecraft:respawn_anchor":1,"minecraft:bamboo":1,"minecraft:green_wool":1,"minecraft:oak_slab":23,"minecraft:soul_sand":136,"minecraft:smooth_sandstone":12,"minecraft:short_grass":216,"minecraft:tall_grass":23,"minecraft:deepslate_gold_ore":25,"minecraft:orange_carpet":4,"minecraft:stripped_spruce_wood":4,"minecraft:white_carpet":4,"minecraft:birch_leaves":1,"minecraft:sunflower":1,"minecraft:gravel":137,"minecraft:cobweb":35,"minecraft:acacia_planks":10,"minecraft:stone_bricks":11,"minecraft:fern":1,"minecraft:spruce_planks":65,"minecraft:oak_sapling":14,"minecraft:cobbled_deepslate_stairs":1,"minecraft:cobblestone_stairs":1,"minecraft:grass_block":454,"minecraft:dead_tube_coral_block":1,"minecraft:cracked_polished_blackstone_bricks":3,"minecraft:soul_soil":36,"minecraft:stripped_warped_hyphae":4,"minecraft:composter":2,"minecraft:tuff_bricks":13,"minecraft:raw_iron_block":4,"minecraft:glowstone":10,"minecraft:iron_ore":165,"minecraft:polished_tuff":1,"minecraft:anvil":2,"minecraft:azure_bluet":10,"minecraft:dark_oak_stairs":18,"minecraft:iron_bars":3,"minecraft:azalea_leaves":3,"minecraft:green_bed":3,"minecraft:deepslate_redstone_ore":43,"minecraft:blackstone":205,"visualworkbench:minecraft/crafting_table":9,"minecraft:clay":6,"minecraft:calcite":1,"minecraft:chest":1,"minecraft:nether_quartz_ore":740,"minecraft:cobblestone":18,"minecraft:grindstone":5,"minecraft:oak_planks":71,"minecraft:wall_torch":5,"minecraft:pink_petals":1,"minecraft:seagrass":2,"minecraft:warped_planks":2,"minecraft:birch_log":1,"minecraft:oak_log":11,"minecraft:waxed_oxidized_copper":3,"minecraft:acacia_fence":1,"minecraft:sand":147,"minecraft:dirt":119,"minecraft:tripwire_hook":2,"minecraft:netherrack":11244,"minecraft:ancient_debris":291,"minecraft:oak_leaves":9,"minecraft:nether_gold_ore":5,"minecraft:diamond_ore":6,"minecraft:tuff":14,"minecraft:deepslate_diamond_ore":52,"minecraft:decorated_pot":6,"minecraft:acacia_slab":2,"minecraft:sandstone":4,"minecraft:large_fern":10,"minecraft:hay_block":20,"minecraft:furnace":4,"minecraft:carrots":14,"minecraft:acacia_stairs":6,"minecraft:gold_block":27,"minecraft:bookshelf":7,"minecraft:deepslate_iron_ore":21,"minecraft:lantern":1,"minecraft:stone":516,"minecraft:crafting_table":5,"minecraft:oak_wood":5,"minecraft:rose_bush":61,"minecraft:lectern":4,"minecraft:deepslate_coal_ore":1,"minecraft:lapis_ore":10,"minecraft:polished_blackstone_brick_stairs":2,"minecraft:spruce_stairs":10,"minecraft:birch_planks":4,"minecraft:waxed_oxidized_copper_grate":2,"minecraft:beehive":1,"minecraft:sweet_berry_bush":2,"minecraft:bee_nest":1,"minecraft:coal_ore":233,"minecraft:ochre_froglight":2,"minecraft:cherry_leaves":1,"minecraft:cyan_carpet":3,"minecraft:lodestone":1,"minecraft:stripped_acacia_wood":5,"minecraft:warped_slab":1},"minecraft:custom":{"minecraft:interact_with_crafting_table":143,"minecraft:open_barrel":128,"minecraft:eat_cake_slice":2,"minecraft:leave_game":4,"minecraft:time_since_death":583731,"minecraft:damage_blocked_by_shield":5481,"minecraft:play_time":1123754,"minecraft:deaths":3,"minecraft:jump":15591,"minecraft:enchant_item":3,"minecraft:interact_with_furnace":182,"minecraft:traded_with_villager":529,"minecraft:sleep_in_bed":37,"minecraft:damage_dealt":233709,"minecraft:interact_with_smoker":26,"minecraft:use_cauldron":6,"minecraft:inspect_dispenser":4,"minecraft:interact_with_smithing_table":7,"minecraft:interact_with_anvil":21,"minecraft:sneak_time":43914,"minecraft:interact_with_blast_furnace":105,"minecraft:total_world_time":1123754,"minecraft:time_since_rest":85164,"minecraft:swim_one_cm":103764,"minecraft:fly_one_cm":2339481,"minecraft:open_chest":691,"minecraft:fish_caught":1,"minecraft:fall_one_cm":341585,"minecraft:animals_bred":3,"minecraft:sprint_one_cm":1803028,"minecraft:drop":750,"minecraft:play_noteblock":1,"minecraft:talked_to_villager":72,"minecraft:interact_with_brewingstand":24,"minecraft:walk_on_water_one_cm":61597,"minecraft:crouch_one_cm":39961,"minecraft:mob_kills":903,"minecraft:fill_cauldron":1,"minecraft:interact_with_campfire":45,"minecraft:damage_dealt_resisted":17443,"minecraft:climb_one_cm":17250,"minecraft:walk_one_cm":2727905,"minecraft:walk_under_water_one_cm":42282,"minecraft:boat_one_cm":382084,"minecraft:pot_flower":5,"minecraft:interact_with_grindstone":8,"minecraft:damage_taken":12154,"minecraft:damage_absorbed":224},"minecraft:used":{"minecraft:poppy":2,"minecraft:ladder":1,"minecraft:chest":21,"minecraft:azure_bluet":9,"minecraft:jungle_sapling":17,"minecraft:honeycomb":2,"minecraft:lava_bucket":2,"minecraft:grass_block":2,"minecraft:birch_sapling":1,"minecraft:quartz_block":17,"minecraft:stone_brick_stairs":2,"minecraft:bow":50,"minecraft:sweet_berries":2,"minecraft:furnace":13,"minecraft:oak_sapling":9,"minecraft:acacia_fence":1,"minecraft:egg":4,"minecraft:blackstone":1,"minecraft:wooden_pickaxe":21,"minecraft:clay":6,"minecraft:golden_apple":6,"minecraft:blast_furnace":8,"more_bows_and_arrows:diamond_bow":309,"minecraft:stone_button":1,"minecraft:cyan_carpet":7,"minecraft:lectern":3,"minecraft:soul_lantern":2,"minecraft:diamond_sword":2724,"minecraft:smithing_table":1,"minecraft:birch_log":1,"minecraft:stripped_acacia_wood":6,"minecraft:enchanting_table":1,"minecraft:acacia_log":3,"minecraft:dead_tube_coral_block":1,"minecraft:stripped_warped_stem":1,"minecraft:sandstone_wall":1,"minecraft:netherrack":574,"minecraft:torch":756,"minecraft:brewing_stand":1,"minecraft:anvil":4,"minecraft:jungle_trapdoor":8,"minecraft:nether_brick_stairs":5,"minecraft:iron_axe":377,"minecraft:jungle_log":4,"minecraft:smooth_quartz":203,"minecraft:barrel":2,"minecraft:smooth_basalt":3,"minecraft:tripwire_hook":1,"minecraft:goat_horn":1,"minecraft:cobbled_deepslate":13,"minecraft:acacia_planks":128,"minecraft:cherry_log":1,"minecraft:golden_axe":1,"minecraft:calcite":1,"minecraft:wheat_seeds":191,"minecraft:water_bucket":62,"minecraft:nether_brick_wall":1,"minecraft:cauldron":1,"minecraft:fletching_table":2,"minecraft:deepslate_bricks":2,"minecraft:polished_blackstone_bricks":6,"minecraft:mossy_cobblestone":3,"minecraft:orange_carpet":4,"minecraft:oak_slab":49,"minecraft:tnt":115,"minecraft:crafting_table":27,"minecraft:campfire":3,"minecraft:white_bed":4,"minecraft:oak_log":9,"minecraft:mud":1,"minecraft:diamond_pickaxe":797,"minecraft:ominous_trial_key":1,"minecraft:diamond_shovel":813,"minecraft:sunflower":1,"minecraft:iron_pickaxe":1781,"minecraft:cobblestone":58,"minecraft:potion":5,"minecraft:acacia_pressure_plate":1,"minecraft:jukebox":2,"minecraft:iron_shovel":136,"minecraft:decorated_pot":4,"minecraft:shield":233,"minecraft:iron_sword":12,"minecraft:smooth_sandstone_stairs":3,"minecraft:iron_chestplate":1,"minecraft:jungle_planks":22,"minecraft:nether_bricks":10,"minecraft:carrot":11,"minecraft:tuff":5,"minecraft:beehive":3,"minecraft:obsidian":15,"minecraft:glass":2,"minecraft:lantern":4,"minecraft:dark_oak_wood":3,"minecraft:iron_helmet":3,"minecraft:warped_fungus":1,"minecraft:hay_block":3,"minecraft:stripped_spruce_wood":1,"minecraft:dark_oak_stairs":6,"minecraft:stone_pickaxe":602,"minecraft:oak_planks":108,"minecraft:sandstone":8,"minecraft:diamond_axe":280,"minecraft:ochre_froglight":2,"minecraft:stone_brick_wall":1,"minecraft:shears":4,"minecraft:sticky_piston":1,"minecraft:bread":22,"minecraft:string":7,"minecraft:warped_slab":1,"minecraft:gravel":23,"minecraft:golden_helmet":11,"minecraft:stripped_warped_hyphae":1,"minecraft:grindstone":4,"minecraft:andesite":27,"minecraft:air":3,"minecraft:bone_meal":64,"minecraft:experience_bottle":135,"minecraft:cherry_boat":1,"minecraft:rose_bush":87,"minecraft:flint_and_steel":4,"minecraft:spruce_planks":37,"minecraft:dirt":474,"minecraft:spyglass":1,"minecraft:white_carpet":4,"minecraft:spruce_stairs":11,"minecraft:diamond_helmet":11,"minecraft:bee_nest":1,"minecraft:spruce_fence":6,"minecraft:granite":1,"minecraft:wooden_axe":1,"minecraft:dark_oak_planks":10,"minecraft:bookshelf":32,"minecraft:oak_stairs":2,"minecraft:acacia_slab":2,"minecraft:polished_blackstone_brick_stairs":2,"minecraft:iron_boots":1,"minecraft:netherite_pickaxe":11694,"minecraft:cooked_beef":165,"minecraft:acacia_boat":1,"minecraft:lodestone":1,"metalbundles:diamond_bundle":13,"minecraft:glass_bottle":14,"minecraft:green_bed":2,"minecraft:painting":2,"minecraft:smoker":3,"minecraft:warped_planks":1,"minecraft:wooden_hoe":21,"minecraft:acacia_stairs":76,"minecraft:cracked_polished_blackstone_bricks":2,"minecraft:stone_slab":1,"minecraft:stone_axe":15,"minecraft:pink_petals":10,"minecraft:fishing_rod":2,"minecraft:white_banner":2,"minecraft:bucket":67,"minecraft:splash_potion":8},"minecraft:crafted":{"minecraft:blaze_powder":2,"minecraft:bookshelf":32,"minecraft:cooked_mutton":20,"minecraft:glass":347,"minecraft:quartz_block":28,"minecraft:diamond_helmet":1,"more_bows_and_arrows:diamond_bow":2,"minecraft:glass_bottle":72,"minecraft:emerald":717,"minecraft:smithing_table":1,"minecraft:fletching_table":1,"minecraft:campfire":3,"minecraft:wooden_hoe":2,"advancednetherite:netherite_diamond_ingot":1,"minecraft:iron_pickaxe":2,"minecraft:iron_block":48,"minecraft:gold_ingot":164,"minecraft:netherite_ingot":2,"minecraft:golden_carrot":20,"minecraft:bone_meal":63,"minecraft:lantern":34,"minecraft:diamond":208,"minecraft:stone_pickaxe":6,"minecraft:redstone_block":42,"minecraft:dark_oak_planks":32,"minecraft:golden_helmet":3,"minecraft:wheat":135,"minecraft:coal_block":66,"advancednetherite:netherite_iron_ingot":1,"minecraft:netherite_pickaxe":1,"minecraft:acacia_stairs":72,"more_bows_and_arrows:iron_bow":2,"minecraft:enchanted_book":5,"metalbundles:golden_bundle":1,"minecraft:golden_apple":20,"minecraft:fermented_spider_eye":1,"minecraft:wooden_axe":1,"minecraft:iron_leggings":2,"minecraft:white_bed":1,"minecraft:oak_planks":1892,"minecraft:bow":1,"minecraft:iron_boots":2,"minecraft:chest":19,"minecraft:netherite_upgrade_smithing_template":44,"minecraft:smoker":1,"minecraft:oak_slab":30,"minecraft:arrow":48,"minecraft:crafting_table":13,"minecraft:spruce_planks":12,"minecraft:wooden_pickaxe":1,"minecraft:iron_helmet":2,"minecraft:gold_block":35,"minecraft:birch_planks":572,"minecraft:brewing_stand":1,"minecraft:book":21,"minecraft:paper":63,"minecraft:iron_chestplate":2,"minecraft:diamond_pickaxe":4,"minecraft:emerald_block":60,"minecraft:shield":5,"minecraft:stick":12831,"minecraft:iron_ingot":263,"minecraft:shears":1,"minecraft:cherry_planks":416,"minecraft:raw_iron":36,"minecraft:coal":675,"minecraft:beehive":2,"minecraft:furnace":10,"minecraft:jungle_trapdoor":8,"minecraft:diamond_block":36,"metalbundles:diamond_bundle":1,"minecraft:iron_axe":8,"minecraft:netherite_scrap":2,"advancednetherite:netherite_emerald_ingot":1,"minecraft:cooked_beef":239,"minecraft:sugar":1,"minecraft:diamond_sword":6,"advancednetherite:netherite_gold_ingot":1,"minecraft:iron_sword":1,"minecraft:bucket":2,"minecraft:stone_axe":3,"minecraft:acacia_boat":1,"minecraft:bread":4,"minecraft:air":0,"minecraft:jungle_planks":3108,"minecraft:acacia_planks":1256,"minecraft:torch":724,"minecraft:lapis_lazuli":36,"minecraft:lapis_block":14,"minecraft:clay":6},"minecraft:dropped":{"minecraft:porkchop":18,"minecraft:respawn_anchor":1,"minecraft:ominous_bottle":4,"minecraft:lapis_lazuli":149,"minecraft:cooked_beef":82,"minecraft:glass_bottle":1,"minecraft:diamond":191,"minecraft:crafting_table":1,"minecraft:cooked_porkchop":52,"minecraft:weeping_vines":1,"minecraft:emerald":111,"minecraft:gold_block":38,"minecraft:dirt":103,"more_bows_and_arrows:diamond_bow":4,"advancednetherite:netherite_diamond_ingot":1,"minecraft:snout_armor_trim_smithing_template":1,"minecraft:jungle_sapling":9,"minecraft:gold_nugget":3,"minecraft:bone_block":6,"minecraft:bolt_armor_trim_smithing_template":1,"minecraft:iron_pickaxe":5,"minecraft:dark_oak_planks":16,"minecraft:fishing_rod":1,"minecraft:white_wool":6,"minecraft:cyan_carpet":3,"minecraft:bone":91,"minecraft:cherry_boat":1,"minecraft:goat_horn":1,"minecraft:sugar_cane":6,"minecraft:ancient_debris":3,"minecraft:diamond_block":4,"minecraft:cobbled_deepslate":457,"minecraft:birch_sapling":8,"minecraft:wheat":8,"minecraft:obsidian":31,"minecraft:rotten_flesh":12,"minecraft:grindstone":1,"minecraft:oak_planks":85,"minecraft:enchanted_golden_apple":3,"minecraft:glowstone_dust":54,"minecraft:jungle_trapdoor":1,"minecraft:white_bed":4,"minecraft:wind_charge":18,"metalbundles:diamond_bundle":1,"minecraft:quartz_block":12,"minecraft:acacia_sapling":23,"metalbundles:golden_bundle":1,"minecraft:crying_obsidian":6,"minecraft:egg":3,"minecraft:enchanted_book":10,"minecraft:golden_boots":1,"minecraft:iron_ingot":50,"minecraft:wheat_seeds":240,"minecraft:cobbled_deepslate_stairs":1,"minecraft:feather":6,"minecraft:iron_helmet":3,"minecraft:cobblestone":456,"minecraft:book":128,"minecraft:apple":134,"minecraft:granite":2,"minecraft:coal":35,"minecraft:golden_apple":32,"minecraft:pufferfish":1,"minecraft:diamond_horse_armor":1,"minecraft:gray_wool":1,"minecraft:golden_carrot":114,"minecraft:wooden_hoe":1,"minecraft:lodestone":1,"minecraft:rose_bush":38,"minecraft:diamond_helmet":7,"minecraft:potion":5,"minecraft:armadillo_scute":1,"minecraft:white_banner":2,"minecraft:iron_shovel":7,"minecraft:string":287,"minecraft:acacia_planks":1,"minecraft:soul_soil":1,"minecraft:netherite_ingot":2,"minecraft:green_bed":1,"minecraft:chicken":6,"minecraft:iron_boots":2,"minecraft:spruce_fence":1,"minecraft:blast_furnace":48,"minecraft:diamond_sword":34,"minecraft:potato":8,"minecraft:hay_block":4,"minecraft:peony":2,"minecraft:spruce_planks":16,"minecraft:diamond_pickaxe":7,"minecraft:spider_eye":78,"minecraft:stone_bricks":1,"minecraft:bamboo":10,"minecraft:bow":20,"minecraft:magma_block":3,"minecraft:black_wool":2,"minecraft:guster_pottery_sherd":2,"minecraft:spruce_sign":3,"minecraft:soul_sand":46,"minecraft:brown_mushroom":1,"minecraft:dark_oak_stairs":4,"minecraft:oak_log":27,"minecraft:ender_pearl":9,"minecraft:decorated_pot":1,"minecraft:netherite_upgrade_smithing_template":4,"minecraft:leather":154,"minecraft:honeycomb":8,"minecraft:flint":2,"minecraft:cobblestone_stairs":1,"minecraft:cracked_polished_blackstone_bricks":1,"minecraft:netherite_scrap":3,"minecraft:cornflower":1,"minecraft:dark_oak_wood":2,"minecraft:mutton":18,"minecraft:polished_blackstone_bricks":6,"minecraft:gold_ingot":54,"minecraft:gravel":6,"minecraft:cherry_sapling":9,"minecraft:diamond_shovel":2,"minecraft:cooked_mutton":45,"minecraft:honey_bottle":1,"minecraft:acacia_stairs":2,"minecraft:carrot":42,"minecraft:chest":1,"minecraft:iron_bars":2,"minecraft:arrow":144,"minecraft:scaffolding":5,"minecraft:quartz":68,"minecraft:netherrack":513,"minecraft:enchanting_table":1,"minecraft:water_bucket":6,"minecraft:oak_slab":1,"minecraft:golden_helmet":3,"minecraft:lilac":2,"minecraft:diamond_leggings":11,"minecraft:golden_axe":2,"minecraft:ominous_trial_key":3,"minecraft:stick":33,"minecraft:iron_block":3,"metalbundles:leather_bundle":1,"minecraft:torch":79,"minecraft:repeater":1,"minecraft:smooth_quartz":84,"minecraft:iron_leggings":1,"minecraft:iron_axe":2,"minecraft:orange_bed":2,"minecraft:tripwire_hook":1,"minecraft:bucket":2,"minecraft:dandelion":11,"minecraft:smooth_basalt":11,"minecraft:redstone":68,"minecraft:anvil":1,"minecraft:flow_pottery_sherd":2,"minecraft:nether_wart":52,"minecraft:blaze_rod":17,"minecraft:tuff":8,"minecraft:composter":1,"minecraft:raw_iron":84,"minecraft:wither_skeleton_skull":3,"minecraft:flint_and_steel":2,"minecraft:deepslate_bricks":2,"minecraft:shield":5,"minecraft:diamond_chestplate":7,"minecraft:iron_chestplate":2,"minecraft:andesite":129,"minecraft:oak_sapling":133,"minecraft:diamond_boots":11,"minecraft:stone_pickaxe":2,"minecraft:raw_gold":56,"minecraft:magma_cream":25,"minecraft:brick":14},"minecraft:picked_up":{"minecraft:flower_pot":1,"minecraft:anvil":5,"minecraft:diamond_sword":43,"minecraft:stone_slab":1,"minecraft:lead":1,"minecraft:oak_stairs":2,"advancednetherite:netherite_diamond_ingot":1,"minecraft:acacia_pressure_plate":1,"minecraft:enchanted_book":12,"minecraft:polished_blackstone_brick_stairs":2,"minecraft:string":569,"minecraft:soul_soil":1,"minecraft:pufferfish":1,"metalbundles:diamond_bundle":11,"minecraft:cherry_boat":2,"minecraft:diamond_leggings":12,"minecraft:gold_nugget":3,"minecraft:cobbled_deepslate":937,"minecraft:spruce_planks":61,"minecraft:warped_slab":1,"minecraft:netherite_upgrade_smithing_template":6,"minecraft:enchanted_golden_apple":5,"minecraft:coal_block":113,"minecraft:golden_helmet":2,"minecraft:beehive":1,"minecraft:jukebox":2,"minecraft:composter":1,"minecraft:acacia_log":312,"minecraft:green_bed":3,"minecraft:sandstone_wall":3,"minecraft:golden_axe":2,"minecraft:cherry_log":105,"minecraft:warped_planks":2,"minecraft:cauldron":1,"minecraft:orange_bed":2,"minecraft:honey_bottle":1,"minecraft:red_tulip":1,"minecraft:iron_block":21,"minecraft:armadillo_scute":3,"minecraft:blaze_rod":34,"minecraft:iron_bars":3,"minecraft:birch_log":144,"minecraft:magma_block":3,"minecraft:feather":6,"minecraft:cooked_beef":263,"minecraft:jungle_log":995,"minecraft:water_bucket":8,"minecraft:smoker":2,"minecraft:flint":4,"minecraft:stripped_spruce_wood":4,"minecraft:lantern":4,"minecraft:diamond_helmet":9,"minecraft:glowstone_dust":108,"minecraft:honeycomb":20,"minecraft:stripped_acacia_wood":10,"minecraft:acacia_stairs":6,"minecraft:barrel":2,"minecraft:snout_armor_trim_smithing_template":1,"minecraft:granite":3,"minecraft:ominous_trial_key":4,"minecraft:diamond_pickaxe":10,"minecraft:mud":1,"minecraft:bee_nest":1,"minecraft:crafting_table":15,"minecraft:ominous_bottle":5,"minecraft:stripped_warped_hyphae":2,"minecraft:nether_wart":104,"minecraft:clay_ball":24,"minecraft:wind_charge":18,"minecraft:cornflower":1,"minecraft:jungle_trapdoor":3,"minecraft:flint_and_steel":2,"minecraft:netherite_scrap":3,"minecraft:white_carpet":4,"minecraft:iron_shovel":6,"minecraft:respawn_anchor":2,"minecraft:stripped_warped_stem":2,"minecraft:beef":284,"minecraft:jungle_sapling":26,"minecraft:poppy":2,"minecraft:guster_pottery_sherd":3,"minecraft:chest":1,"minecraft:birch_sapling":9,"minecraft:waxed_oxidized_copper":1,"minecraft:egg":8,"minecraft:sandstone":12,"minecraft:spruce_fence":11,"minecraft:flow_pottery_sherd":3,"minecraft:carrot":53,"minecraft:redstone":457,"minecraft:diamond_chestplate":8,"minecraft:decorated_pot":5,"minecraft:peony":4,"minecraft:deepslate_bricks":6,"minecraft:diamond_boots":11,"minecraft:hay_block":22,"minecraft:gold_ingot":160,"minecraft:tuff_bricks":11,"minecraft:mutton":38,"minecraft:bone_block":6,"minecraft:white_wool":9,"minecraft:tripwire_hook":2,"minecraft:red_mushroom":1,"minecraft:ochre_froglight":2,"minecraft:oak_log":482,"minecraft:ancient_debris":295,"minecraft:golden_boots":1,"minecraft:white_banner":4,"minecraft:apple":215,"minecraft:stone_bricks":9,"minecraft:dark_oak_stairs":18,"minecraft:smooth_basalt":14,"minecraft:sweet_berries":5,"minecraft:spyglass":1,"minecraft:gravel":29,"minecraft:crying_obsidian":11,"minecraft:polished_tuff":1,"minecraft:oak_wood":5,"minecraft:diamond_shovel":2,"minecraft:stone_axe":1,"minecraft:diamond_axe":2,"minecraft:painting":2,"minecraft:gray_wool":1,"minecraft:lodestone":2,"minecraft:baked_potato":12,"minecraft:ender_pearl":9,"minecraft:wheat":237,"minecraft:potion":12,"minecraft:stone_brick_stairs":2,"minecraft:dead_tube_coral_block":1,"minecraft:iron_leggings":1,"minecraft:sticky_piston":1,"minecraft:netherite_ingot":4,"minecraft:bucket":1,"minecraft:white_tulip":1,"minecraft:rose_bush":150,"minecraft:calcite":1,"minecraft:smooth_quartz":342,"minecraft:iron_pickaxe":6,"minecraft:furnace":4,"minecraft:stick":258,"minecraft:acacia_fence":1,"minecraft:deepslate_brick_wall":1,"minecraft:torch":82,"minecraft:spruce_stairs":19,"minecraft:porkchop":89,"minecraft:quartz_block":1,"minecraft:rotten_flesh":12,"minecraft:obsidian":48,"minecraft:cobblestone":751,"minecraft:enchanting_table":3,"minecraft:pink_petals":10,"minecraft:lilac":3,"minecraft:magma_cream":26,"minecraft:repeater":3,"minecraft:andesite":179,"minecraft:orange_carpet":4,"minecraft:potato":8,"minecraft:tuff":14,"minecraft:smooth_sandstone_stairs":6,"minecraft:wither_skeleton_skull":3,"minecraft:lapis_lazuli":298,"minecraft:dirt":577,"minecraft:name_tag":2,"minecraft:leather_boots":1,"minecraft:bone":219,"minecraft:acacia_planks":10,"minecraft:bow":21,"minecraft:wheat_seeds":711,"minecraft:raw_gold":112,"minecraft:grindstone":6,"minecraft:bolt_armor_trim_smithing_template":1,"minecraft:fletching_table":1,"minecraft:bamboo":24,"minecraft:oak_planks":240,"metalbundles:golden_bundle":1,"minecraft:cooked_porkchop":25,"minecraft:jungle_planks":2,"minecraft:sand":147,"minecraft:nether_brick_stairs":5,"minecraft:dead_bush":1,"minecraft:grass_block":2,"minecraft:diamond_block":22,"minecraft:spectral_arrow":19,"minecraft:mossy_cobblestone":3,"minecraft:diamond":421,"minecraft:soul_lantern":3,"minecraft:cracked_polished_blackstone_bricks":3,"minecraft:bone_meal":1,"minecraft:golden_apple":117,"minecraft:spruce_sign":13,"minecraft:emerald":258,"minecraft:oak_sapling":142,"minecraft:netherrack":1992,"minecraft:fishing_rod":1,"minecraft:cocoa_beans":14,"minecraft:charcoal":9,"metalbundles:leather_bundle":1,"minecraft:azure_bluet":9,"minecraft:chicken":6,"minecraft:ladder":1,"minecraft:brown_mushroom":38,"minecraft:stone_brick_wall":1,"minecraft:gold_block":119,"minecraft:diamond_horse_armor":1,"more_bows_and_arrows:diamond_bow":6,"minecraft:chain":1,"minecraft:brick":14,"minecraft:shield":5,"minecraft:iron_axe":2,"minecraft:blackstone":156,"minecraft:cyan_carpet":10,"minecraft:lectern":4,"minecraft:sugar_cane":9,"minecraft:raw_iron":311,"minecraft:polished_blackstone_bricks":12,"minecraft:stone_button":1,"minecraft:dark_oak_planks":23,"minecraft:weeping_vines":1,"minecraft:arrow":490,"minecraft:nether_bricks":10,"minecraft:nether_brick_wall":1,"minecraft:dark_oak_button":1,"minecraft:golden_carrot":135,"minecraft:leather":197,"minecraft:birch_planks":4,"minecraft:cobbled_deepslate_stairs":1,"minecraft:cobblestone_stairs":1,"minecraft:cooked_mutton":25,"minecraft:iron_ingot":140,"minecraft:soul_sand":92,"minecraft:acacia_sapling":23,"minecraft:book":192,"minecraft:scaffolding":5,"minecraft:oak_slab":23,"minecraft:warped_fungus":1,"minecraft:emerald_block":71,"minecraft:brush":1,"minecraft:quartz":180,"minecraft:dandelion":11,"minecraft:raw_iron_block":4,"minecraft:blast_furnace":66,"minecraft:white_bed":7,"minecraft:spider_eye":134,"minecraft:stripped_jungle_wood":5,"minecraft:iron_helmet":1,"minecraft:cherry_sapling":9,"minecraft:acacia_slab":2,"minecraft:black_wool":2,"minecraft:dark_oak_wood":13,"minecraft:coal":365,"minecraft:chiseled_tuff_bricks":1,"minecraft:sunflower":1}},"DataVersion":3953}