{"stats":{"minecraft:broken":{"minecraft:diamond_helmet":1,"minecraft:stone_pickaxe":4,"minecraft:diamond_boots":1,"minecraft:diamond_leggings":1,"minecraft:shield":1,"minecraft:golden_axe":1,"minecraft:iron_axe":2},"minecraft:killed":{"minecraft:cave_spider":116,"minecraft:witch":1,"minecraft:spider":221,"minecraft:skeleton":37,"minecraft:chicken":6,"minecraft:piglin_brute":7,"minecraft:magma_cube":35,"minecraft:piglin":8,"minecraft:pig":14,"minecraft:zombie_villager":1,"minecraft:iron_golem":1,"minecraft:creeper":1,"minecraft:sheep":12,"minecraft:trader_llama":1,"minecraft:pillager":12,"minecraft:zombie":7,"minecraft:blaze":19,"minecraft:cow":108,"minecraft:husk":1,"minecraft:wandering_trader":1,"minecraft:hoglin":14,"minecraft:wither_skeleton":145,"minecraft:enderman":3},"minecraft:killed_by":{"minecraft:wither_skeleton":1,"minecraft:skeleton":1},"minecraft:mined":{"minecraft:dark_oak_planks":34,"minecraft:stripped_warped_stem":2,"minecraft:spruce_planks":65,"minecraft:oak_sapling":8,"minecraft:white_bed":1,"minecraft:cobbled_deepslate_stairs":1,"minecraft:cherry_log":1,"minecraft:cobblestone_stairs":1,"minecraft:jungle_leaves":4,"minecraft:obsidian":17,"minecraft:granite":3,"minecraft:stone_brick_wall":4,"minecraft:acacia_log":3,"minecraft:grass_block":93,"minecraft:dead_tube_coral_block":1,"minecraft:jungle_log":9,"minecraft:cracked_polished_blackstone_bricks":3,"minecraft:coal_block":44,"minecraft:deepslate_bricks":4,"minecraft:soul_soil":1,"minecraft:stripped_warped_hyphae":4,"minecraft:nether_wart":11,"minecraft:spawner":41,"minecraft:polished_blackstone_bricks":12,"minecraft:weeping_vines_plant":1,"minecraft:raw_iron_block":4,"minecraft:magma_block":2,"minecraft:glowstone":10,"minecraft:iron_ore":151,"minecraft:barrel":2,"minecraft:fire":20,"minecraft:anvil":2,"minecraft:fletching_table":1,"minecraft:azure_bluet":1,"minecraft:dark_oak_stairs":18,"minecraft:nether_brick_stairs":6,"minecraft:enchanting_table":1,"minecraft:water_cauldron":1,"minecraft:dirt_path":1,"minecraft:oak_stairs":2,"minecraft:iron_bars":3,"minecraft:smooth_sandstone_stairs":6,"minecraft:azalea_leaves":3,"easyanvils:minecraft/anvil":1,"minecraft:orange_bed":2,"minecraft:green_bed":2,"minecraft:piston_head":1,"minecraft:blackstone":1,"minecraft:crimson_nylium":4,"minecraft:deepslate_brick_wall":2,"minecraft:smoker":2,"minecraft:torch":2,"visualworkbench:minecraft/crafting_table":9,"minecraft:dark_oak_wood":13,"minecraft:blast_furnace":18,"minecraft:calcite":1,"minecraft:green_concrete_powder":1,"minecraft:nether_quartz_ore":169,"minecraft:cobblestone":16,"minecraft:oak_planks":53,"minecraft:grindstone":4,"minecraft:wall_torch":4,"minecraft:pink_petals":1,"minecraft:chain":1,"minecraft:repeater":1,"minecraft:warped_planks":2,"minecraft:birch_log":1,"minecraft:wheat":242,"minecraft:lilac":1,"minecraft:jukebox":2,"minecraft:warped_fungus":1,"minecraft:stone_brick_stairs":6,"minecraft:oak_log":11,"minecraft:acacia_fence":1,"minecraft:dirt":42,"minecraft:smooth_quartz":275,"minecraft:sandstone_wall":3,"minecraft:tripwire_hook":2,"minecraft:ancient_debris":2,"minecraft:netherrack":657,"minecraft:oak_leaves":6,"minecraft:deepslate":12,"minecraft:diamond_ore":5,"minecraft:tuff":1,"minecraft:mossy_cobblestone":3,"minecraft:nether_brick_wall":1,"minecraft:deepslate_diamond_ore":1,"minecraft:nether_bricks":14,"minecraft:spruce_fence":11,"minecraft:decorated_pot":1,"minecraft:jungle_planks":1,"minecraft:stripped_jungle_wood":5,"minecraft:acacia_slab":2,"minecraft:sandstone":4,"minecraft:large_fern":5,"minecraft:hay_block":20,"minecraft:furnace":4,"minecraft:carrots":14,"minecraft:jungle_sapling":4,"minecraft:acacia_stairs":1,"minecraft:andesite":152,"minecraft:gold_block":27,"minecraft:potatoes":1,"minecraft:deepslate_iron_ore":10,"minecraft:vine":6,"minecraft:respawn_anchor":1,"minecraft:lantern":1,"minecraft:bamboo":1,"minecraft:stone":439,"minecraft:green_wool":1,"minecraft:soul_sand":46,"minecraft:smooth_sandstone":12,"minecraft:crafting_table":5,"minecraft:short_grass":97,"minecraft:oak_wood":5,"minecraft:tall_grass":17,"minecraft:deepslate_coal_ore":1,"minecraft:lapis_ore":6,"minecraft:polished_blackstone_brick_stairs":2,"minecraft:spruce_stairs":10,"minecraft:stripped_spruce_wood":4,"minecraft:beehive":1,"minecraft:sweet_berry_bush":2,"minecraft:birch_leaves":1,"minecraft:coal_ore":233,"minecraft:ochre_froglight":2,"minecraft:cyan_carpet":3,"minecraft:cherry_leaves":1,"minecraft:sunflower":1,"minecraft:gravel":29,"minecraft:cobweb":20,"minecraft:lodestone":1,"minecraft:acacia_planks":4,"minecraft:stripped_acacia_wood":5,"minecraft:stone_bricks":11,"minecraft:warped_slab":1},"minecraft:custom":{"minecraft:animals_bred":1,"minecraft:interact_with_crafting_table":88,"minecraft:open_barrel":111,"minecraft:eat_cake_slice":2,"minecraft:leave_game":4,"minecraft:time_since_death":247731,"minecraft:sprint_one_cm":1233539,"minecraft:damage_blocked_by_shield":5361,"minecraft:drop":589,"minecraft:play_noteblock":1,"minecraft:talked_to_villager":35,"minecraft:play_time":787754,"minecraft:deaths":3,"minecraft:jump":11180,"minecraft:walk_on_water_one_cm":52931,"minecraft:interact_with_furnace":151,"minecraft:traded_with_villager":189,"minecraft:sleep_in_bed":27,"minecraft:damage_dealt":219852,"minecraft:crouch_one_cm":30844,"minecraft:interact_with_smoker":26,"minecraft:interact_with_anvil":10,"minecraft:mob_kills":781,"minecraft:fill_cauldron":1,"minecraft:interact_with_campfire":45,"minecraft:damage_dealt_resisted":17443,"minecraft:climb_one_cm":13052,"minecraft:walk_one_cm":1657302,"minecraft:sneak_time":36761,"minecraft:walk_under_water_one_cm":27240,"minecraft:boat_one_cm":183408,"minecraft:interact_with_blast_furnace":33,"minecraft:total_world_time":787754,"minecraft:pot_flower":2,"minecraft:interact_with_grindstone":7,"minecraft:time_since_rest":3975,"minecraft:damage_absorbed":224,"minecraft:damage_taken":11188,"minecraft:swim_one_cm":82134,"minecraft:fly_one_cm":1671751,"minecraft:open_chest":385,"minecraft:fish_caught":1,"minecraft:fall_one_cm":250237},"minecraft:used":{"minecraft:decorated_pot":1,"minecraft:iron_shovel":136,"minecraft:ladder":1,"minecraft:poppy":2,"minecraft:chest":17,"minecraft:shield":231,"minecraft:iron_sword":12,"minecraft:smooth_sandstone_stairs":3,"minecraft:iron_chestplate":1,"minecraft:nether_bricks":10,"minecraft:jungle_planks":21,"minecraft:carrot":11,"minecraft:beehive":1,"minecraft:obsidian":15,"minecraft:jungle_sapling":12,"minecraft:grass_block":2,"minecraft:birch_sapling":1,"minecraft:lantern":4,"minecraft:quartz_block":17,"minecraft:iron_helmet":3,"minecraft:dark_oak_wood":3,"minecraft:stone_brick_stairs":2,"minecraft:bow":50,"minecraft:warped_fungus":1,"minecraft:hay_block":3,"minecraft:sweet_berries":2,"minecraft:oak_sapling":9,"minecraft:furnace":13,"minecraft:acacia_fence":1,"minecraft:egg":3,"minecraft:stripped_spruce_wood":1,"minecraft:dark_oak_stairs":6,"minecraft:oak_planks":87,"minecraft:stone_pickaxe":602,"minecraft:blackstone":1,"minecraft:wooden_pickaxe":21,"minecraft:sandstone":8,"minecraft:diamond_axe":149,"minecraft:golden_apple":6,"minecraft:blast_furnace":8,"minecraft:stone_brick_wall":1,"minecraft:ochre_froglight":2,"minecraft:shears":1,"minecraft:sticky_piston":1,"minecraft:cyan_carpet":7,"more_bows_and_arrows:diamond_bow":309,"minecraft:stone_button":1,"minecraft:string":7,"minecraft:bread":22,"minecraft:warped_slab":1,"minecraft:gravel":21,"minecraft:soul_lantern":2,"minecraft:golden_helmet":11,"minecraft:stripped_warped_hyphae":1,"minecraft:diamond_sword":2525,"minecraft:grindstone":4,"minecraft:andesite":23,"minecraft:birch_log":1,"minecraft:cherry_boat":1,"minecraft:bone_meal":64,"minecraft:experience_bottle":135,"minecraft:stripped_acacia_wood":6,"minecraft:rose_bush":1,"minecraft:dead_tube_coral_block":1,"minecraft:acacia_log":1,"minecraft:flint_and_steel":4,"minecraft:stripped_warped_stem":1,"minecraft:spruce_planks":37,"minecraft:sandstone_wall":1,"minecraft:netherrack":239,"minecraft:dirt":54,"minecraft:torch":247,"minecraft:spyglass":1,"minecraft:anvil":4,"minecraft:spruce_stairs":11,"minecraft:diamond_helmet":11,"minecraft:granite":1,"minecraft:spruce_fence":6,"minecraft:nether_brick_stairs":5,"minecraft:dark_oak_planks":10,"minecraft:wooden_axe":1,"minecraft:iron_axe":377,"minecraft:oak_stairs":2,"minecraft:acacia_slab":2,"minecraft:jungle_log":4,"minecraft:iron_boots":1,"minecraft:polished_blackstone_brick_stairs":2,"minecraft:smooth_quartz":203,"minecraft:barrel":2,"minecraft:tripwire_hook":1,"minecraft:goat_horn":1,"minecraft:cooked_beef":132,"minecraft:acacia_planks":7,"minecraft:cherry_log":1,"minecraft:golden_axe":1,"minecraft:calcite":1,"minecraft:wheat_seeds":191,"minecraft:water_bucket":52,"minecraft:nether_brick_wall":1,"metalbundles:diamond_bundle":10,"minecraft:lodestone":1,"minecraft:glass_bottle":1,"minecraft:cauldron":1,"minecraft:fletching_table":2,"minecraft:green_bed":1,"minecraft:deepslate_bricks":2,"minecraft:polished_blackstone_bricks":6,"minecraft:mossy_cobblestone":3,"minecraft:tnt":115,"minecraft:crafting_table":24,"minecraft:white_bed":4,"minecraft:painting":2,"minecraft:warped_planks":1,"minecraft:smoker":3,"minecraft:oak_log":9,"minecraft:wooden_hoe":21,"minecraft:acacia_stairs":1,"minecraft:diamond_pickaxe":40,"minecraft:diamond_shovel":23,"minecraft:cracked_polished_blackstone_bricks":2,"minecraft:sunflower":1,"minecraft:iron_pickaxe":1778,"minecraft:stone_slab":1,"minecraft:stone_axe":15,"minecraft:pink_petals":10,"minecraft:cobblestone":52,"minecraft:fishing_rod":2,"minecraft:white_banner":2,"minecraft:potion":2,"minecraft:acacia_pressure_plate":1,"minecraft:bucket":54,"minecraft:jukebox":2},"minecraft:crafted":{"minecraft:oak_planks":1456,"minecraft:cooked_mutton":20,"minecraft:quartz_block":28,"minecraft:diamond_helmet":1,"minecraft:bow":1,"minecraft:iron_boots":2,"more_bows_and_arrows:diamond_bow":2,"minecraft:chest":15,"minecraft:smoker":1,"minecraft:arrow":48,"minecraft:emerald":473,"minecraft:crafting_table":9,"minecraft:spruce_planks":12,"minecraft:wooden_pickaxe":1,"minecraft:iron_helmet":2,"minecraft:fletching_table":1,"minecraft:gold_block":29,"minecraft:birch_planks":572,"minecraft:iron_chestplate":2,"minecraft:wooden_hoe":2,"minecraft:diamond_pickaxe":1,"minecraft:emerald_block":49,"minecraft:shield":5,"minecraft:stick":5244,"minecraft:iron_ingot":188,"minecraft:iron_pickaxe":2,"minecraft:iron_block":38,"minecraft:gold_ingot":27,"minecraft:golden_carrot":20,"minecraft:cherry_planks":416,"minecraft:raw_iron":36,"minecraft:coal":81,"minecraft:furnace":10,"minecraft:bone_meal":63,"minecraft:diamond_block":17,"metalbundles:diamond_bundle":1,"minecraft:diamond":37,"minecraft:iron_axe":8,"minecraft:stone_pickaxe":6,"minecraft:dark_oak_planks":32,"minecraft:golden_helmet":3,"minecraft:wheat":135,"minecraft:cooked_beef":170,"minecraft:coal_block":30,"minecraft:diamond_sword":5,"minecraft:iron_sword":1,"minecraft:bucket":1,"minecraft:stone_axe":3,"more_bows_and_arrows:iron_bow":2,"metalbundles:golden_bundle":1,"minecraft:air":0,"minecraft:bread":4,"minecraft:jungle_planks":616,"minecraft:golden_apple":1,"minecraft:wooden_axe":1,"minecraft:iron_leggings":2,"minecraft:white_bed":1,"minecraft:acacia_planks":96,"minecraft:torch":228},"minecraft:dropped":{"minecraft:spruce_sign":3,"minecraft:soul_sand":46,"minecraft:porkchop":18,"minecraft:brown_mushroom":1,"minecraft:dark_oak_stairs":4,"minecraft:ominous_bottle":3,"minecraft:respawn_anchor":1,"minecraft:cooked_beef":82,"minecraft:oak_log":27,"minecraft:ender_pearl":8,"minecraft:glass_bottle":1,"minecraft:diamond":20,"minecraft:cooked_porkchop":52,"minecraft:netherite_upgrade_smithing_template":4,"minecraft:weeping_vines":1,"minecraft:leather":154,"minecraft:cobblestone_stairs":1,"minecraft:gold_block":38,"minecraft:cracked_polished_blackstone_bricks":1,"minecraft:dirt":87,"more_bows_and_arrows:diamond_bow":3,"minecraft:netherite_scrap":3,"minecraft:cornflower":1,"minecraft:mutton":18,"minecraft:dark_oak_wood":2,"minecraft:snout_armor_trim_smithing_template":1,"minecraft:jungle_sapling":4,"minecraft:gold_nugget":3,"minecraft:bone_block":6,"minecraft:polished_blackstone_bricks":6,"minecraft:iron_pickaxe":4,"minecraft:dark_oak_planks":16,"minecraft:fishing_rod":1,"minecraft:white_wool":6,"minecraft:cyan_carpet":3,"minecraft:gold_ingot":54,"minecraft:bone":83,"minecraft:gravel":6,"minecraft:cherry_boat":1,"minecraft:goat_horn":1,"minecraft:sugar_cane":5,"minecraft:ancient_debris":3,"minecraft:diamond_block":2,"minecraft:cobbled_deepslate":1,"minecraft:wheat":8,"minecraft:birch_sapling":8,"minecraft:obsidian":31,"minecraft:cherry_sapling":9,"minecraft:grindstone":1,"minecraft:rotten_flesh":12,"minecraft:oak_planks":82,"minecraft:diamond_shovel":1,"minecraft:glowstone_dust":54,"minecraft:cooked_mutton":45,"minecraft:white_bed":3,"minecraft:carrot":42,"metalbundles:diamond_bundle":1,"minecraft:quartz_block":12,"minecraft:acacia_sapling":13,"minecraft:iron_bars":2,"minecraft:arrow":46,"metalbundles:golden_bundle":1,"minecraft:crying_obsidian":6,"minecraft:quartz":42,"minecraft:netherrack":206,"minecraft:enchanting_table":1,"minecraft:golden_boots":1,"minecraft:egg":3,"minecraft:enchanted_book":10,"minecraft:water_bucket":5,"minecraft:iron_ingot":27,"minecraft:wheat_seeds":219,"minecraft:golden_helmet":2,"minecraft:cobbled_deepslate_stairs":1,"minecraft:lilac":2,"minecraft:diamond_leggings":11,"minecraft:iron_helmet":3,"minecraft:feather":6,"minecraft:golden_axe":2,"minecraft:cobblestone":456,"minecraft:book":128,"minecraft:apple":134,"minecraft:granite":2,"minecraft:coal":35,"minecraft:golden_apple":32,"minecraft:stick":18,"minecraft:pufferfish":1,"minecraft:diamond_horse_armor":1,"minecraft:iron_block":3,"minecraft:gray_wool":1,"metalbundles:leather_bundle":1,"minecraft:golden_carrot":93,"minecraft:wooden_hoe":1,"minecraft:torch":79,"minecraft:lodestone":1,"minecraft:repeater":1,"minecraft:rose_bush":8,"minecraft:smooth_quartz":84,"minecraft:diamond_helmet":7,"minecraft:iron_leggings":1,"minecraft:armadillo_scute":1,"minecraft:white_banner":2,"minecraft:iron_axe":2,"minecraft:orange_bed":2,"minecraft:iron_shovel":6,"minecraft:string":240,"minecraft:tripwire_hook":1,"minecraft:bucket":2,"minecraft:dandelion":11,"minecraft:redstone":1,"minecraft:anvil":1,"minecraft:soul_soil":1,"minecraft:netherite_ingot":2,"minecraft:nether_wart":52,"minecraft:blaze_rod":17,"minecraft:green_bed":1,"minecraft:raw_iron":9,"minecraft:chicken":6,"minecraft:wither_skeleton_skull":3,"minecraft:iron_boots":2,"minecraft:spruce_fence":1,"minecraft:flint_and_steel":2,"minecraft:blast_furnace":48,"minecraft:deepslate_bricks":2,"minecraft:diamond_sword":32,"minecraft:potato":8,"minecraft:hay_block":4,"minecraft:shield":5,"minecraft:diamond_chestplate":7,"minecraft:peony":2,"minecraft:spruce_planks":16,"minecraft:iron_chestplate":2,"minecraft:diamond_pickaxe":3,"minecraft:andesite":129,"minecraft:oak_sapling":100,"minecraft:stone_bricks":1,"minecraft:spider_eye":65,"minecraft:bamboo":10,"minecraft:diamond_boots":11,"minecraft:bow":1,"minecraft:stone_pickaxe":2,"minecraft:magma_cream":25,"minecraft:black_wool":2},"minecraft:picked_up":{"minecraft:wheat":237,"minecraft:anvil":5,"minecraft:flower_pot":1,"minecraft:lead":1,"minecraft:stone_slab":1,"minecraft:diamond_sword":42,"minecraft:oak_stairs":2,"minecraft:acacia_pressure_plate":1,"minecraft:enchanted_book":10,"minecraft:potion":2,"minecraft:stone_brick_stairs":2,"minecraft:polished_blackstone_brick_stairs":2,"minecraft:string":475,"minecraft:dead_tube_coral_block":1,"minecraft:soul_soil":1,"minecraft:iron_leggings":1,"minecraft:sticky_piston":1,"minecraft:netherite_ingot":2,"minecraft:pufferfish":1,"metalbundles:diamond_bundle":11,"minecraft:cherry_boat":2,"minecraft:diamond_leggings":12,"minecraft:gold_nugget":3,"minecraft:cobbled_deepslate":12,"minecraft:bucket":1,"minecraft:spruce_planks":61,"minecraft:rose_bush":9,"minecraft:warped_slab":1,"minecraft:calcite":1,"minecraft:netherite_upgrade_smithing_template":5,"minecraft:iron_pickaxe":6,"minecraft:smooth_quartz":342,"minecraft:coal_block":113,"minecraft:furnace":4,"minecraft:golden_helmet":1,"minecraft:beehive":1,"minecraft:stick":158,"minecraft:acacia_fence":1,"minecraft:jukebox":2,"minecraft:deepslate_brick_wall":1,"minecraft:torch":69,"minecraft:green_bed":2,"minecraft:acacia_log":21,"minecraft:spruce_stairs":19,"minecraft:sandstone_wall":3,"minecraft:porkchop":89,"minecraft:golden_axe":2,"minecraft:cherry_log":105,"minecraft:warped_planks":2,"minecraft:cauldron":1,"minecraft:orange_bed":2,"minecraft:quartz_block":1,"minecraft:rotten_flesh":12,"minecraft:armadillo_scute":1,"minecraft:iron_block":21,"minecraft:blaze_rod":34,"minecraft:obsidian":48,"minecraft:iron_bars":3,"minecraft:cobblestone":672,"minecraft:birch_log":144,"minecraft:enchanting_table":3,"minecraft:pink_petals":10,"minecraft:andesite":166,"minecraft:feather":6,"minecraft:lilac":3,"minecraft:cooked_beef":255,"minecraft:repeater":3,"minecraft:magma_cream":26,"minecraft:water_bucket":7,"minecraft:jungle_log":372,"minecraft:potato":8,"minecraft:smoker":2,"minecraft:flint":2,"minecraft:smooth_sandstone_stairs":6,"minecraft:tuff":1,"minecraft:stripped_spruce_wood":4,"minecraft:wither_skeleton_skull":3,"minecraft:lapis_lazuli":36,"minecraft:dirt":141,"minecraft:lantern":4,"minecraft:name_tag":2,"minecraft:leather_boots":1,"minecraft:bone":208,"minecraft:acacia_planks":4,"minecraft:bow":2,"minecraft:wheat_seeds":690,"minecraft:grindstone":6,"minecraft:diamond_helmet":9,"minecraft:bamboo":24,"minecraft:fletching_table":1,"minecraft:glowstone_dust":108,"minecraft:honeycomb":3,"minecraft:oak_planks":222,"metalbundles:golden_bundle":1,"minecraft:cooked_porkchop":25,"minecraft:stripped_acacia_wood":10,"minecraft:jungle_planks":1,"minecraft:nether_brick_stairs":5,"minecraft:grass_block":2,"minecraft:dead_bush":1,"minecraft:acacia_stairs":1,"minecraft:diamond_block":18,"minecraft:barrel":2,"minecraft:mossy_cobblestone":3,"minecraft:snout_armor_trim_smithing_template":1,"minecraft:diamond":79,"minecraft:soul_lantern":3,"minecraft:cracked_polished_blackstone_bricks":3,"minecraft:granite":3,"minecraft:bone_meal":1,"minecraft:golden_apple":116,"minecraft:spruce_sign":13,"minecraft:emerald":27,"minecraft:oak_sapling":109,"minecraft:netherrack":445,"minecraft:charcoal":9,"minecraft:cocoa_beans":3,"minecraft:diamond_pickaxe":4,"minecraft:fishing_rod":1,"minecraft:crafting_table":15,"metalbundles:leather_bundle":1,"minecraft:stripped_warped_hyphae":2,"minecraft:ominous_bottle":4,"minecraft:chicken":6,"minecraft:ladder":1,"minecraft:nether_wart":104,"minecraft:brown_mushroom":1,"minecraft:stone_brick_wall":1,"minecraft:gold_block":119,"minecraft:diamond_horse_armor":1,"more_bows_and_arrows:diamond_bow":5,"minecraft:chain":1,"minecraft:shield":5,"minecraft:cornflower":1,"minecraft:iron_axe":2,"minecraft:flint_and_steel":2,"minecraft:netherite_scrap":3,"minecraft:iron_shovel":5,"minecraft:cyan_carpet":10,"minecraft:blackstone":1,"minecraft:respawn_anchor":2,"minecraft:stripped_warped_stem":2,"minecraft:beef":215,"minecraft:jungle_sapling":16,"minecraft:poppy":2,"minecraft:sugar_cane":5,"minecraft:birch_sapling":9,"minecraft:egg":7,"minecraft:raw_iron":161,"minecraft:sandstone":12,"minecraft:spruce_fence":11,"minecraft:polished_blackstone_bricks":12,"minecraft:stone_button":1,"minecraft:carrot":53,"minecraft:redstone":6,"minecraft:dark_oak_planks":23,"minecraft:arrow":363,"minecraft:weeping_vines":1,"minecraft:diamond_chestplate":8,"minecraft:decorated_pot":1,"minecraft:peony":4,"minecraft:nether_bricks":10,"minecraft:diamond_boots":11,"minecraft:deepslate_bricks":6,"minecraft:hay_block":22,"minecraft:gold_ingot":143,"minecraft:mutton":38,"minecraft:nether_brick_wall":1,"minecraft:white_wool":9,"minecraft:bone_block":6,"minecraft:dark_oak_button":1,"minecraft:golden_carrot":124,"minecraft:tripwire_hook":2,"minecraft:leather":161,"minecraft:ochre_froglight":2,"minecraft:oak_log":399,"minecraft:ancient_debris":5,"minecraft:cobbled_deepslate_stairs":1,"minecraft:golden_boots":1,"minecraft:cobblestone_stairs":1,"minecraft:white_banner":4,"minecraft:cooked_mutton":25,"minecraft:apple":210,"minecraft:stone_bricks":9,"minecraft:iron_ingot":98,"minecraft:acacia_sapling":13,"minecraft:dark_oak_stairs":18,"minecraft:soul_sand":92,"minecraft:book":128,"minecraft:warped_fungus":1,"minecraft:emerald_block":71,"minecraft:sweet_berries":5,"minecraft:brush":1,"minecraft:quartz":154,"minecraft:dandelion":11,"minecraft:spyglass":1,"minecraft:raw_iron_block":4,"minecraft:gravel":27,"minecraft:blast_furnace":66,"minecraft:white_bed":6,"minecraft:crying_obsidian":6,"minecraft:spider_eye":110,"minecraft:oak_wood":5,"minecraft:diamond_shovel":1,"minecraft:stone_axe":1,"minecraft:iron_helmet":1,"minecraft:stripped_jungle_wood":5,"minecraft:diamond_axe":2,"minecraft:painting":2,"minecraft:cherry_sapling":9,"minecraft:gray_wool":1,"minecraft:lodestone":2,"minecraft:acacia_slab":2,"minecraft:black_wool":2,"minecraft:dark_oak_wood":13,"minecraft:coal":365,"minecraft:sunflower":1,"minecraft:ender_pearl":8}},"DataVersion":3953}