{"stats":{"minecraft:mined":{"minecraft:diamond_ore":5,"minecraft:oak_sapling":1,"minecraft:mossy_cobblestone":3,"minecraft:deepslate_diamond_ore":1,"minecraft:jungle_leaves":4,"minecraft:crafting_table":1,"visualworkbench:minecraft/crafting_table":7,"minecraft:torch":1,"minecraft:granite":2,"minecraft:short_grass":3,"minecraft:acacia_log":1,"minecraft:grass_block":5,"minecraft:jungle_log":5,"minecraft:tall_grass":6,"minecraft:cobblestone":2,"minecraft:lapis_ore":6,"minecraft:oak_planks":5,"minecraft:spawner":1,"minecraft:hay_block":13,"minecraft:large_fern":3,"minecraft:furnace":1,"minecraft:wheat":12,"minecraft:birch_log":1,"minecraft:iron_ore":103,"minecraft:jukebox":1,"minecraft:andesite":148,"minecraft:oak_log":5,"minecraft:coal_ore":142,"minecraft:dirt_path":1,"minecraft:water_cauldron":1,"minecraft:deepslate_iron_ore":7,"minecraft:vine":2,"minecraft:gravel":7,"minecraft:dirt":6,"minecraft:tripwire_hook":1,"minecraft:stone":318,"minecraft:deepslate":11},"minecraft:killed":{"minecraft:spider":1,"minecraft:iron_golem":1,"minecraft:skeleton":2,"minecraft:cow":29},"minecraft:picked_up":{"minecraft:birch_log":9,"minecraft:wheat":11,"minecraft:crafting_table":9,"minecraft:leather":39,"minecraft:tripwire_hook":1,"minecraft:jungle_log":5,"minecraft:andesite":145,"minecraft:brown_mushroom":1,"minecraft:oak_log":98,"minecraft:lapis_lazuli":36,"minecraft:dirt":12,"minecraft:bone":4,"minecraft:apple":2,"minecraft:wheat_seeds":32,"minecraft:cobbled_deepslate":11,"minecraft:beef":56,"minecraft:iron_ingot":41,"minecraft:rose_bush":6,"minecraft:jungle_sapling":2,"minecraft:birch_sapling":1,"minecraft:oak_planks":5,"minecraft:furnace":1,"minecraft:egg":1,"minecraft:stick":23,"minecraft:raw_iron":110,"minecraft:jukebox":1,"minecraft:torch":1,"minecraft:acacia_log":1,"minecraft:gravel":7,"minecraft:cauldron":1,"minecraft:mossy_cobblestone":3,"minecraft:arrow":3,"minecraft:diamond":6,"minecraft:hay_block":13,"minecraft:granite":2,"minecraft:oak_sapling":57,"minecraft:coal":142,"minecraft:cobblestone":320},"minecraft:dropped":{"minecraft:gravel":6,"minecraft:brown_mushroom":1,"minecraft:wheat_seeds":12,"minecraft:oak_log":1,"minecraft:raw_iron":9,"minecraft:iron_helmet":1,"minecraft:cobblestone":5,"minecraft:iron_boots":1,"minecraft:granite":2,"minecraft:coal":10,"minecraft:stick":5,"minecraft:wooden_hoe":1,"minecraft:iron_chestplate":1,"minecraft:rose_bush":6,"minecraft:oak_sapling":50,"minecraft:iron_leggings":1,"minecraft:iron_axe":1},"minecraft:custom":{"minecraft:interact_with_furnace":52,"minecraft:mob_kills":33,"minecraft:interact_with_crafting_table":22,"minecraft:open_barrel":11,"minecraft:eat_cake_slice":2,"minecraft:time_since_death":83376,"minecraft:sleep_in_bed":3,"minecraft:climb_one_cm":733,"minecraft:time_since_rest":20949,"minecraft:sprint_one_cm":116518,"minecraft:damage_taken":242,"minecraft:walk_one_cm":161158,"minecraft:drop":26,"minecraft:damage_dealt":4490,"minecraft:swim_one_cm":10723,"minecraft:fly_one_cm":149153,"minecraft:open_chest":10,"minecraft:crouch_one_cm":1303,"minecraft:play_time":83376,"minecraft:sneak_time":2106,"minecraft:walk_under_water_one_cm":3063,"minecraft:boat_one_cm":8366,"minecraft:jump":1034,"minecraft:walk_on_water_one_cm":5070,"minecraft:total_world_time":83376,"minecraft:fall_one_cm":22088},"minecraft:used":{"minecraft:wheat_seeds":9,"minecraft:water_bucket":6,"minecraft:acacia_log":1,"minecraft:stone_pickaxe":602,"minecraft:oak_planks":11,"minecraft:chest":2,"minecraft:wooden_pickaxe":21,"minecraft:cauldron":1,"minecraft:torch":73,"minecraft:mossy_cobblestone":3,"minecraft:dirt":12,"minecraft:crafting_table":9,"minecraft:oak_log":4,"minecraft:jungle_sapling":2,"minecraft:wooden_axe":1,"minecraft:wooden_hoe":19,"minecraft:iron_axe":60,"minecraft:bread":10,"minecraft:birch_sapling":1,"minecraft:iron_pickaxe":140,"minecraft:gravel":1,"minecraft:stone_axe":14,"minecraft:tripwire_hook":1,"minecraft:cobblestone":21,"minecraft:furnace":6,"minecraft:oak_sapling":7,"minecraft:birch_log":1,"minecraft:bucket":7,"minecraft:andesite":11,"minecraft:egg":1,"minecraft:bone_meal":8},"minecraft:broken":{"minecraft:stone_pickaxe":4},"minecraft:crafted":{"minecraft:oak_planks":356,"minecraft:crafting_table":1,"minecraft:wooden_pickaxe":1,"minecraft:iron_helmet":2,"minecraft:furnace":5,"minecraft:bone_meal":12,"minecraft:bucket":1,"minecraft:birch_planks":32,"minecraft:stone_axe":3,"minecraft:air":0,"minecraft:jungle_planks":20,"minecraft:wooden_hoe":2,"minecraft:iron_boots":2,"minecraft:iron_chestplate":2,"minecraft:diamond_pickaxe":1,"minecraft:iron_axe":2,"minecraft:stick":56,"minecraft:iron_ingot":98,"minecraft:iron_pickaxe":1,"minecraft:stone_pickaxe":6,"minecraft:wooden_axe":1,"minecraft:chest":2,"minecraft:iron_leggings":2,"minecraft:torch":72}},"DataVersion":3953}