{"stats":{"minecraft:mined":{"minecraft:diamond_ore":5,"minecraft:oak_sapling":2,"minecraft:mossy_cobblestone":3,"minecraft:deepslate_diamond_ore":1,"minecraft:jungle_leaves":4,"minecraft:granite":2,"minecraft:acacia_log":1,"minecraft:grass_block":10,"minecraft:jungle_log":5,"minecraft:spawner":1,"minecraft:large_fern":4,"minecraft:hay_block":15,"minecraft:furnace":4,"minecraft:carrots":14,"minecraft:iron_ore":114,"minecraft:andesite":148,"minecraft:fletching_table":1,"minecraft:potatoes":1,"minecraft:vine":2,"minecraft:deepslate_iron_ore":7,"minecraft:water_cauldron":1,"minecraft:dirt_path":1,"minecraft:oak_stairs":2,"minecraft:stone":341,"minecraft:smoker":2,"visualworkbench:minecraft/crafting_table":9,"minecraft:crafting_table":1,"minecraft:torch":1,"minecraft:short_grass":17,"minecraft:cobblestone":3,"minecraft:tall_grass":16,"minecraft:lapis_ore":6,"minecraft:oak_planks":21,"minecraft:wall_torch":1,"minecraft:birch_log":1,"minecraft:sweet_berry_bush":2,"minecraft:wheat":131,"minecraft:jukebox":1,"minecraft:coal_ore":142,"minecraft:oak_log":7,"minecraft:gravel":29,"minecraft:dirt":6,"minecraft:tripwire_hook":1,"minecraft:deepslate":11},"minecraft:killed":{"minecraft:spider":1,"minecraft:skeleton":3,"minecraft:chicken":6,"minecraft:pig":13,"minecraft:iron_golem":1,"minecraft:zombie":3,"minecraft:enderman":1,"minecraft:cow":35},"minecraft:picked_up":{"minecraft:crafting_table":11,"minecraft:wheat":127,"minecraft:chicken":6,"minecraft:brown_mushroom":1,"minecraft:oak_stairs":2,"minecraft:cobbled_deepslate":11,"minecraft:beef":69,"minecraft:rose_bush":7,"minecraft:jungle_sapling":2,"minecraft:birch_sapling":6,"minecraft:egg":1,"minecraft:furnace":4,"minecraft:raw_iron":121,"minecraft:stick":43,"minecraft:jukebox":1,"minecraft:torch":2,"minecraft:acacia_log":1,"minecraft:porkchop":31,"minecraft:carrot":53,"minecraft:cauldron":1,"minecraft:rotten_flesh":10,"minecraft:arrow":6,"minecraft:hay_block":15,"minecraft:cobblestone":344,"minecraft:birch_log":23,"minecraft:feather":6,"minecraft:tripwire_hook":1,"minecraft:andesite":145,"minecraft:jungle_log":5,"minecraft:leather":43,"minecraft:smoker":2,"minecraft:potato":8,"minecraft:flint":2,"minecraft:oak_log":187,"minecraft:lapis_lazuli":36,"minecraft:dirt":17,"minecraft:bone":8,"minecraft:apple":6,"minecraft:wheat_seeds":371,"minecraft:iron_ingot":41,"minecraft:fletching_table":1,"minecraft:oak_planks":21,"minecraft:sweet_berries":5,"minecraft:gravel":27,"minecraft:grass_block":1,"minecraft:mossy_cobblestone":3,"minecraft:diamond":6,"minecraft:granite":2,"minecraft:bone_meal":1,"minecraft:oak_sapling":69,"minecraft:coal":177,"minecraft:ender_pearl":1},"minecraft:dropped":{"minecraft:water_bucket":1,"minecraft:porkchop":3,"minecraft:brown_mushroom":1,"minecraft:wheat_seeds":180,"minecraft:oak_log":1,"minecraft:feather":6,"minecraft:iron_helmet":1,"minecraft:cobblestone":5,"minecraft:granite":2,"minecraft:coal":10,"minecraft:stick":5,"minecraft:wooden_hoe":1,"minecraft:rose_bush":7,"minecraft:iron_leggings":1,"minecraft:iron_axe":1,"minecraft:gravel":6,"minecraft:birch_sapling":5,"minecraft:wheat":8,"minecraft:raw_iron":9,"minecraft:chicken":6,"minecraft:rotten_flesh":10,"minecraft:iron_boots":1,"minecraft:carrot":42,"minecraft:potato":8,"minecraft:iron_chestplate":1,"minecraft:oak_sapling":61},"minecraft:custom":{"minecraft:mob_kills":65,"minecraft:animals_bred":1,"minecraft:interact_with_crafting_table":30,"minecraft:open_barrel":11,"minecraft:eat_cake_slice":2,"minecraft:time_since_death":131376,"minecraft:climb_one_cm":733,"minecraft:sprint_one_cm":247004,"minecraft:walk_one_cm":269371,"minecraft:drop":55,"minecraft:talked_to_villager":16,"minecraft:play_time":131376,"minecraft:sneak_time":4414,"minecraft:walk_under_water_one_cm":8031,"minecraft:boat_one_cm":8366,"minecraft:jump":1873,"minecraft:walk_on_water_one_cm":10395,"minecraft:total_world_time":131376,"minecraft:interact_with_furnace":71,"minecraft:traded_with_villager":43,"minecraft:sleep_in_bed":6,"minecraft:time_since_rest":2034,"minecraft:damage_taken":630,"minecraft:damage_dealt":7873,"minecraft:swim_one_cm":15291,"minecraft:fly_one_cm":306351,"minecraft:open_chest":11,"minecraft:crouch_one_cm":4061,"minecraft:interact_with_smoker":10,"minecraft:fall_one_cm":49818},"minecraft:used":{"minecraft:acacia_log":1,"minecraft:chest":2,"minecraft:torch":74,"minecraft:dirt":17,"minecraft:carrot":11,"minecraft:jungle_sapling":2,"minecraft:wooden_axe":1,"minecraft:grass_block":1,"minecraft:iron_axe":134,"minecraft:oak_stairs":2,"minecraft:birch_sapling":1,"minecraft:tripwire_hook":1,"minecraft:sweet_berries":2,"minecraft:oak_sapling":8,"minecraft:furnace":10,"minecraft:egg":1,"minecraft:cooked_beef":2,"minecraft:wheat_seeds":191,"minecraft:water_bucket":11,"minecraft:stone_pickaxe":602,"minecraft:oak_planks":23,"minecraft:wooden_pickaxe":21,"minecraft:fletching_table":2,"minecraft:cauldron":1,"minecraft:mossy_cobblestone":3,"minecraft:crafting_table":11,"minecraft:smoker":3,"minecraft:oak_log":6,"minecraft:wooden_hoe":21,"minecraft:bread":22,"minecraft:iron_pickaxe":180,"minecraft:gravel":21,"minecraft:stone_axe":14,"minecraft:cobblestone":29,"minecraft:andesite":11,"minecraft:bucket":13,"minecraft:birch_log":1,"minecraft:bone_meal":25},"minecraft:broken":{"minecraft:stone_pickaxe":4,"minecraft:iron_axe":1},"minecraft:crafted":{"minecraft:oak_planks":704,"minecraft:furnace":7,"minecraft:bone_meal":24,"minecraft:bow":1,"minecraft:iron_boots":2,"minecraft:iron_axe":3,"minecraft:stone_pickaxe":6,"minecraft:chest":2,"minecraft:wheat":135,"minecraft:smoker":1,"minecraft:cooked_beef":69,"minecraft:emerald":42,"minecraft:crafting_table":1,"minecraft:wooden_pickaxe":1,"minecraft:iron_helmet":2,"minecraft:iron_sword":1,"minecraft:fletching_table":1,"minecraft:bucket":1,"minecraft:birch_planks":88,"minecraft:stone_axe":3,"minecraft:bread":4,"minecraft:air":0,"minecraft:jungle_planks":20,"minecraft:iron_chestplate":2,"minecraft:wooden_hoe":2,"minecraft:diamond_pickaxe":1,"minecraft:stick":864,"minecraft:iron_ingot":112,"minecraft:iron_pickaxe":2,"minecraft:wooden_axe":1,"minecraft:iron_leggings":2,"minecraft:torch":96}},"DataVersion":3953}