{"stats":{"minecraft:mined":{"minecraft:stripped_warped_stem":1,"minecraft:diamond_ore":5,"minecraft:tuff":1,"minecraft:white_bed":1,"minecraft:oak_sapling":2,"minecraft:mossy_cobblestone":3,"minecraft:deepslate_diamond_ore":1,"minecraft:jungle_leaves":4,"minecraft:granite":2,"minecraft:acacia_log":1,"minecraft:grass_block":12,"minecraft:jungle_log":5,"minecraft:deepslate_bricks":2,"minecraft:stripped_warped_hyphae":1,"minecraft:sandstone":2,"minecraft:spawner":5,"minecraft:large_fern":4,"minecraft:hay_block":15,"minecraft:furnace":4,"minecraft:carrots":14,"minecraft:iron_ore":119,"minecraft:andesite":148,"minecraft:anvil":1,"minecraft:fletching_table":1,"minecraft:iron_bars":1,"minecraft:potatoes":1,"minecraft:vine":2,"minecraft:deepslate_iron_ore":10,"minecraft:water_cauldron":1,"minecraft:dirt_path":1,"minecraft:oak_stairs":2,"minecraft:smooth_sandstone_stairs":4,"minecraft:stone":352,"minecraft:deepslate_brick_wall":1,"minecraft:smoker":2,"minecraft:smooth_sandstone":10,"visualworkbench:minecraft/crafting_table":9,"minecraft:crafting_table":1,"minecraft:torch":1,"minecraft:short_grass":18,"minecraft:cobblestone":11,"minecraft:tall_grass":16,"minecraft:lapis_ore":6,"minecraft:oak_planks":28,"minecraft:wall_torch":3,"minecraft:pink_petals":1,"minecraft:beehive":1,"minecraft:stripped_spruce_wood":2,"minecraft:warped_planks":2,"minecraft:birch_log":1,"minecraft:sweet_berry_bush":2,"minecraft:wheat":131,"minecraft:lilac":1,"minecraft:jukebox":1,"minecraft:coal_ore":148,"minecraft:oak_log":7,"minecraft:ochre_froglight":1,"minecraft:gravel":29,"minecraft:dirt":8,"minecraft:lodestone":1,"minecraft:cobweb":1,"minecraft:tripwire_hook":1,"minecraft:stone_bricks":3,"minecraft:oak_leaves":1,"minecraft:deepslate":11,"minecraft:warped_slab":1},"minecraft:killed":{"minecraft:witch":1,"minecraft:spider":1,"minecraft:skeleton":8,"minecraft:chicken":6,"minecraft:pig":13,"minecraft:iron_golem":1,"minecraft:zombie":3,"minecraft:enderman":1,"minecraft:cow":35},"minecraft:picked_up":{"minecraft:crafting_table":11,"minecraft:wheat":127,"minecraft:anvil":1,"minecraft:chicken":6,"minecraft:flower_pot":1,"minecraft:brown_mushroom":1,"minecraft:oak_stairs":2,"minecraft:string":1,"minecraft:cobbled_deepslate":11,"minecraft:stripped_warped_stem":1,"minecraft:beef":69,"minecraft:rose_bush":8,"minecraft:warped_slab":1,"minecraft:jungle_sapling":2,"minecraft:birch_sapling":6,"minecraft:egg":1,"minecraft:furnace":4,"minecraft:beehive":1,"minecraft:raw_iron":129,"minecraft:stick":121,"minecraft:sandstone":8,"minecraft:jukebox":1,"minecraft:spruce_fence":1,"minecraft:torch":5,"minecraft:acacia_log":1,"minecraft:porkchop":31,"minecraft:stone_button":1,"minecraft:cherry_log":104,"minecraft:warped_planks":2,"minecraft:carrot":53,"minecraft:redstone":1,"minecraft:cauldron":1,"minecraft:rotten_flesh":10,"minecraft:arrow":15,"minecraft:deepslate_bricks":2,"minecraft:hay_block":15,"minecraft:iron_bars":1,"minecraft:cobblestone":362,"minecraft:birch_log":138,"minecraft:lilac":3,"minecraft:feather":6,"minecraft:cooked_beef":1,"minecraft:tripwire_hook":1,"minecraft:andesite":160,"minecraft:jungle_log":5,"minecraft:leather":43,"minecraft:smoker":2,"minecraft:potato":8,"minecraft:ochre_froglight":1,"minecraft:flint":2,"minecraft:tuff":1,"minecraft:stripped_spruce_wood":2,"minecraft:smooth_sandstone_stairs":3,"minecraft:oak_log":283,"minecraft:lapis_lazuli":36,"minecraft:dirt":21,"minecraft:bone":14,"minecraft:apple":7,"minecraft:stone_bricks":3,"minecraft:wheat_seeds":371,"minecraft:iron_ingot":41,"minecraft:diamond_helmet":1,"minecraft:fletching_table":1,"minecraft:honeycomb":3,"minecraft:oak_planks":28,"minecraft:sweet_berries":5,"minecraft:gravel":27,"minecraft:dead_bush":1,"minecraft:white_bed":1,"minecraft:grass_block":1,"minecraft:mossy_cobblestone":3,"minecraft:diamond":6,"minecraft:soul_lantern":1,"minecraft:cherry_sapling":9,"minecraft:granite":2,"minecraft:bone_meal":1,"minecraft:lodestone":1,"minecraft:oak_sapling":73,"minecraft:coal":183,"minecraft:ender_pearl":1},"minecraft:dropped":{"minecraft:water_bucket":1,"minecraft:porkchop":3,"minecraft:brown_mushroom":1,"minecraft:wheat_seeds":180,"minecraft:cooked_beef":17,"minecraft:oak_log":1,"minecraft:feather":6,"minecraft:iron_helmet":2,"minecraft:cobblestone":5,"minecraft:granite":2,"minecraft:coal":10,"minecraft:stick":5,"minecraft:wooden_hoe":1,"minecraft:rose_bush":7,"minecraft:diamond_helmet":2,"minecraft:iron_leggings":1,"minecraft:iron_axe":1,"minecraft:iron_pickaxe":1,"minecraft:iron_shovel":1,"minecraft:gravel":6,"minecraft:birch_sapling":5,"minecraft:wheat":8,"minecraft:raw_iron":9,"minecraft:cherry_sapling":9,"minecraft:chicken":6,"minecraft:rotten_flesh":10,"minecraft:iron_boots":2,"minecraft:carrot":42,"minecraft:diamond_sword":1,"minecraft:potato":8,"minecraft:diamond_chestplate":1,"minecraft:iron_chestplate":2,"minecraft:oak_sapling":65,"minecraft:diamond_boots":1},"minecraft:custom":{"minecraft:mob_kills":71,"minecraft:animals_bred":1,"minecraft:interact_with_crafting_table":39,"minecraft:open_barrel":47,"minecraft:eat_cake_slice":2,"minecraft:time_since_death":179376,"minecraft:climb_one_cm":733,"minecraft:sprint_one_cm":320980,"minecraft:walk_one_cm":387278,"minecraft:damage_blocked_by_shield":615,"minecraft:drop":70,"minecraft:talked_to_villager":28,"minecraft:play_time":179376,"minecraft:sneak_time":6059,"minecraft:walk_under_water_one_cm":9143,"minecraft:boat_one_cm":8366,"minecraft:jump":2340,"minecraft:walk_on_water_one_cm":16787,"minecraft:total_world_time":179376,"minecraft:interact_with_furnace":82,"minecraft:traded_with_villager":127,"minecraft:sleep_in_bed":7,"minecraft:time_since_rest":33261,"minecraft:damage_taken":1196,"minecraft:damage_dealt":8584,"minecraft:swim_one_cm":20747,"minecraft:fly_one_cm":362909,"minecraft:open_chest":57,"minecraft:crouch_one_cm":4522,"minecraft:interact_with_smoker":11,"minecraft:fall_one_cm":60190},"minecraft:used":{"minecraft:rose_bush":1,"minecraft:acacia_log":1,"minecraft:flint_and_steel":3,"minecraft:spruce_planks":2,"minecraft:chest":4,"minecraft:shield":13,"minecraft:iron_sword":12,"minecraft:iron_chestplate":1,"minecraft:torch":104,"minecraft:dirt":21,"minecraft:carrot":11,"minecraft:beehive":1,"minecraft:jungle_sapling":2,"minecraft:wooden_axe":1,"minecraft:grass_block":1,"minecraft:iron_axe":158,"minecraft:oak_stairs":2,"minecraft:birch_sapling":1,"minecraft:iron_helmet":3,"minecraft:iron_boots":1,"minecraft:tripwire_hook":1,"minecraft:bow":17,"minecraft:sweet_berries":2,"minecraft:oak_sapling":8,"minecraft:furnace":11,"minecraft:egg":1,"minecraft:cooked_beef":10,"minecraft:wheat_seeds":191,"minecraft:water_bucket":16,"minecraft:lodestone":1,"minecraft:glass_bottle":1,"minecraft:stone_pickaxe":602,"minecraft:oak_planks":37,"minecraft:wooden_pickaxe":21,"minecraft:sandstone":5,"minecraft:fletching_table":2,"minecraft:cauldron":1,"minecraft:mossy_cobblestone":3,"minecraft:crafting_table":14,"minecraft:white_bed":1,"minecraft:ochre_froglight":1,"minecraft:shears":1,"minecraft:warped_planks":1,"minecraft:smoker":3,"minecraft:oak_log":6,"minecraft:wooden_hoe":21,"minecraft:warped_slab":1,"minecraft:stone_button":1,"minecraft:bread":22,"minecraft:iron_pickaxe":243,"minecraft:gravel":21,"minecraft:stone_axe":14,"minecraft:diamond_sword":1,"minecraft:cobblestone":39,"minecraft:andesite":12,"minecraft:bucket":18,"minecraft:birch_log":1,"minecraft:bone_meal":25},"minecraft:broken":{"minecraft:stone_pickaxe":4,"minecraft:iron_axe":2},"minecraft:crafted":{"minecraft:cherry_planks":416,"minecraft:oak_planks":1088,"minecraft:furnace":8,"minecraft:bone_meal":24,"minecraft:bow":1,"minecraft:iron_boots":2,"minecraft:iron_axe":6,"minecraft:stone_pickaxe":6,"minecraft:chest":4,"minecraft:wheat":135,"minecraft:smoker":1,"minecraft:cooked_beef":69,"minecraft:arrow":48,"minecraft:emerald":240,"minecraft:crafting_table":3,"minecraft:spruce_planks":8,"minecraft:wooden_pickaxe":1,"minecraft:iron_helmet":2,"minecraft:iron_sword":1,"minecraft:fletching_table":1,"minecraft:bucket":1,"minecraft:birch_planks":548,"minecraft:stone_axe":3,"minecraft:bread":4,"minecraft:air":0,"minecraft:jungle_planks":20,"minecraft:emerald_block":13,"minecraft:iron_chestplate":2,"minecraft:wooden_hoe":2,"minecraft:diamond_pickaxe":1,"minecraft:shield":1,"minecraft:stick":3308,"minecraft:iron_ingot":120,"minecraft:iron_pickaxe":2,"minecraft:wooden_axe":1,"minecraft:iron_leggings":2,"minecraft:torch":116}},"DataVersion":3953}