{"stats":{"minecraft:mined":{"minecraft:stripped_warped_stem":1,"minecraft:diamond_ore":5,"minecraft:tuff":1,"minecraft:white_bed":1,"minecraft:oak_sapling":2,"minecraft:mossy_cobblestone":3,"minecraft:deepslate_diamond_ore":1,"minecraft:cherry_log":1,"minecraft:jungle_leaves":4,"minecraft:granite":2,"minecraft:acacia_log":1,"minecraft:grass_block":12,"minecraft:jungle_log":5,"minecraft:coal_block":4,"minecraft:deepslate_bricks":2,"minecraft:stripped_warped_hyphae":1,"minecraft:sandstone":2,"minecraft:spawner":6,"minecraft:large_fern":4,"minecraft:hay_block":18,"minecraft:furnace":4,"minecraft:carrots":14,"minecraft:iron_ore":124,"minecraft:andesite":150,"minecraft:anvil":1,"minecraft:fletching_table":1,"minecraft:iron_bars":1,"minecraft:potatoes":1,"minecraft:vine":2,"minecraft:deepslate_iron_ore":10,"minecraft:water_cauldron":1,"minecraft:dirt_path":1,"minecraft:oak_stairs":2,"minecraft:smooth_sandstone_stairs":4,"minecraft:stone":355,"minecraft:deepslate_brick_wall":1,"minecraft:smoker":2,"minecraft:smooth_sandstone":10,"visualworkbench:minecraft/crafting_table":9,"minecraft:crafting_table":1,"minecraft:torch":1,"minecraft:short_grass":21,"minecraft:blast_furnace":13,"minecraft:calcite":1,"minecraft:cobblestone":11,"minecraft:tall_grass":16,"minecraft:deepslate_coal_ore":1,"minecraft:lapis_ore":6,"minecraft:oak_planks":28,"minecraft:wall_torch":3,"minecraft:pink_petals":1,"minecraft:beehive":1,"minecraft:stripped_spruce_wood":2,"minecraft:warped_planks":2,"minecraft:birch_log":1,"minecraft:sweet_berry_bush":2,"minecraft:wheat":131,"minecraft:lilac":1,"minecraft:jukebox":1,"minecraft:coal_ore":189,"minecraft:oak_log":7,"minecraft:ochre_froglight":1,"minecraft:cherry_leaves":1,"minecraft:gravel":29,"minecraft:dirt":8,"minecraft:lodestone":1,"minecraft:cobweb":14,"minecraft:tripwire_hook":1,"minecraft:stone_bricks":3,"minecraft:oak_leaves":1,"minecraft:deepslate":11,"minecraft:warped_slab":1},"minecraft:killed":{"minecraft:witch":1,"minecraft:spider":1,"minecraft:skeleton":19,"minecraft:chicken":6,"minecraft:husk":1,"minecraft:pig":13,"minecraft:iron_golem":1,"minecraft:sheep":3,"minecraft:zombie":3,"minecraft:enderman":1,"minecraft:cow":62},"minecraft:picked_up":{"minecraft:charcoal":9,"minecraft:crafting_table":11,"minecraft:wheat":127,"minecraft:anvil":1,"minecraft:chicken":6,"minecraft:flower_pot":1,"minecraft:brown_mushroom":1,"minecraft:oak_stairs":2,"minecraft:potion":2,"minecraft:string":13,"minecraft:cobbled_deepslate":11,"minecraft:stripped_warped_stem":1,"minecraft:beef":124,"minecraft:rose_bush":8,"minecraft:calcite":1,"minecraft:warped_slab":1,"minecraft:jungle_sapling":2,"minecraft:coal_block":4,"minecraft:birch_sapling":6,"minecraft:egg":2,"minecraft:furnace":4,"minecraft:beehive":1,"minecraft:raw_iron":134,"minecraft:stick":121,"minecraft:sandstone":8,"minecraft:jukebox":1,"minecraft:spruce_fence":1,"minecraft:torch":10,"minecraft:acacia_log":1,"minecraft:porkchop":31,"minecraft:stone_button":1,"minecraft:cherry_log":105,"minecraft:warped_planks":2,"minecraft:carrot":53,"minecraft:redstone":1,"minecraft:cauldron":1,"minecraft:rotten_flesh":10,"minecraft:arrow":20,"minecraft:deepslate_bricks":2,"minecraft:hay_block":18,"minecraft:gold_ingot":1,"minecraft:mutton":24,"minecraft:iron_bars":1,"minecraft:white_wool":3,"minecraft:cobblestone":364,"minecraft:birch_log":138,"minecraft:pink_petals":10,"minecraft:lilac":3,"minecraft:feather":6,"minecraft:cooked_beef":5,"minecraft:tripwire_hook":1,"minecraft:andesite":162,"minecraft:jungle_log":5,"minecraft:leather":68,"minecraft:smoker":2,"minecraft:potato":8,"minecraft:ochre_froglight":1,"minecraft:flint":2,"minecraft:tuff":1,"minecraft:stripped_spruce_wood":2,"minecraft:smooth_sandstone_stairs":3,"minecraft:oak_log":283,"minecraft:lapis_lazuli":36,"minecraft:dirt":21,"minecraft:bone":18,"minecraft:apple":76,"minecraft:stone_bricks":3,"minecraft:wheat_seeds":372,"minecraft:iron_ingot":41,"minecraft:diamond_helmet":1,"minecraft:fletching_table":1,"minecraft:honeycomb":3,"minecraft:oak_planks":31,"minecraft:sweet_berries":5,"minecraft:gravel":27,"minecraft:blast_furnace":13,"minecraft:dead_bush":1,"minecraft:white_bed":3,"minecraft:grass_block":1,"minecraft:mossy_cobblestone":3,"minecraft:diamond":6,"minecraft:soul_lantern":1,"minecraft:painting":2,"minecraft:cherry_sapling":9,"minecraft:granite":2,"minecraft:bone_meal":1,"minecraft:emerald":1,"minecraft:lodestone":1,"minecraft:oak_sapling":73,"minecraft:coal":225,"minecraft:ender_pearl":1},"minecraft:dropped":{"minecraft:water_bucket":1,"minecraft:porkchop":3,"minecraft:brown_mushroom":1,"minecraft:wheat_seeds":181,"minecraft:cooked_beef":27,"minecraft:lilac":2,"minecraft:oak_log":1,"minecraft:ender_pearl":1,"minecraft:feather":6,"minecraft:iron_helmet":2,"minecraft:cobblestone":5,"minecraft:leather":68,"minecraft:granite":2,"minecraft:coal":10,"minecraft:golden_apple":1,"minecraft:stick":5,"minecraft:torch":30,"minecraft:wooden_hoe":1,"minecraft:mutton":4,"minecraft:rose_bush":7,"minecraft:diamond_helmet":2,"minecraft:iron_leggings":1,"minecraft:iron_axe":1,"minecraft:iron_pickaxe":1,"minecraft:iron_shovel":1,"minecraft:gravel":6,"minecraft:birch_sapling":5,"minecraft:wheat":8,"minecraft:raw_iron":9,"minecraft:cherry_sapling":9,"minecraft:chicken":6,"minecraft:rotten_flesh":10,"minecraft:iron_boots":2,"minecraft:white_bed":2,"minecraft:carrot":42,"minecraft:diamond_sword":1,"minecraft:potato":8,"minecraft:diamond_chestplate":1,"minecraft:iron_chestplate":2,"minecraft:andesite":1,"minecraft:oak_sapling":65,"minecraft:diamond_boots":1},"minecraft:custom":{"minecraft:mob_kills":113,"minecraft:animals_bred":1,"minecraft:interact_with_crafting_table":48,"minecraft:open_barrel":57,"minecraft:interact_with_campfire":4,"minecraft:eat_cake_slice":2,"minecraft:time_since_death":227376,"minecraft:climb_one_cm":2003,"minecraft:sprint_one_cm":438534,"minecraft:walk_one_cm":505226,"minecraft:damage_blocked_by_shield":615,"minecraft:drop":89,"minecraft:talked_to_villager":28,"minecraft:play_time":227376,"minecraft:sneak_time":7781,"minecraft:walk_under_water_one_cm":9429,"minecraft:boat_one_cm":33570,"minecraft:jump":3131,"minecraft:walk_on_water_one_cm":17178,"minecraft:total_world_time":227376,"minecraft:interact_with_furnace":109,"minecraft:traded_with_villager":127,"minecraft:pot_flower":2,"minecraft:sleep_in_bed":10,"minecraft:time_since_rest":11920,"minecraft:damage_taken":1296,"minecraft:damage_dealt":13028,"minecraft:swim_one_cm":20747,"minecraft:fly_one_cm":536148,"minecraft:open_chest":66,"minecraft:crouch_one_cm":6648,"minecraft:interact_with_smoker":26,"minecraft:fall_one_cm":80557},"minecraft:used":{"minecraft:rose_bush":1,"minecraft:acacia_log":1,"minecraft:flint_and_steel":3,"minecraft:spruce_planks":2,"minecraft:chest":4,"minecraft:shield":13,"minecraft:iron_sword":12,"minecraft:iron_chestplate":1,"minecraft:torch":105,"minecraft:dirt":21,"minecraft:carrot":11,"minecraft:beehive":1,"minecraft:jungle_sapling":2,"minecraft:wooden_axe":1,"minecraft:grass_block":1,"minecraft:iron_axe":218,"minecraft:oak_stairs":2,"minecraft:birch_sapling":1,"minecraft:iron_helmet":3,"minecraft:iron_boots":1,"minecraft:tripwire_hook":1,"minecraft:bow":26,"minecraft:hay_block":3,"minecraft:sweet_berries":2,"minecraft:oak_sapling":8,"minecraft:furnace":11,"minecraft:egg":2,"minecraft:cooked_beef":15,"minecraft:cherry_log":1,"minecraft:calcite":1,"minecraft:wheat_seeds":191,"minecraft:water_bucket":19,"minecraft:lodestone":1,"minecraft:glass_bottle":1,"minecraft:stone_pickaxe":602,"minecraft:oak_planks":37,"minecraft:wooden_pickaxe":21,"minecraft:sandstone":5,"minecraft:fletching_table":2,"minecraft:cauldron":1,"minecraft:mossy_cobblestone":3,"minecraft:crafting_table":14,"minecraft:painting":2,"minecraft:white_bed":2,"minecraft:ochre_froglight":1,"minecraft:shears":1,"minecraft:warped_planks":1,"minecraft:smoker":3,"minecraft:oak_log":6,"minecraft:wooden_hoe":21,"minecraft:warped_slab":1,"minecraft:stone_button":1,"minecraft:bread":22,"minecraft:iron_pickaxe":314,"minecraft:gravel":21,"minecraft:stone_axe":14,"minecraft:pink_petals":10,"minecraft:diamond_sword":14,"minecraft:cobblestone":41,"minecraft:andesite":13,"minecraft:bucket":21,"minecraft:birch_log":1,"minecraft:bone_meal":25},"minecraft:broken":{"minecraft:stone_pickaxe":4,"minecraft:iron_axe":2},"minecraft:crafted":{"minecraft:cherry_planks":416,"minecraft:coal":18,"minecraft:oak_planks":1088,"minecraft:furnace":8,"minecraft:bone_meal":24,"minecraft:bow":1,"minecraft:iron_boots":2,"minecraft:iron_axe":6,"minecraft:stone_pickaxe":6,"minecraft:chest":4,"minecraft:coal_block":8,"minecraft:wheat":135,"minecraft:smoker":1,"minecraft:cooked_beef":111,"minecraft:arrow":48,"minecraft:emerald":240,"minecraft:crafting_table":3,"minecraft:spruce_planks":8,"minecraft:wooden_pickaxe":1,"minecraft:iron_helmet":2,"minecraft:iron_sword":1,"minecraft:fletching_table":1,"minecraft:bucket":1,"minecraft:birch_planks":548,"minecraft:stone_axe":3,"minecraft:bread":4,"minecraft:air":0,"minecraft:jungle_planks":20,"minecraft:golden_apple":1,"minecraft:emerald_block":29,"minecraft:iron_chestplate":2,"minecraft:wooden_hoe":2,"minecraft:diamond_pickaxe":1,"minecraft:shield":1,"minecraft:stick":3308,"minecraft:iron_ingot":125,"minecraft:iron_pickaxe":2,"minecraft:wooden_axe":1,"minecraft:iron_leggings":2,"minecraft:white_bed":1,"minecraft:torch":160}},"DataVersion":3953}