{"stats":{"minecraft:broken":{"minecraft:diamond_helmet":1,"minecraft:diamond_leggings":1,"minecraft:shield":1,"minecraft:iron_axe":2,"minecraft:stone_pickaxe":4,"minecraft:diamond_boots":1,"minecraft:golden_axe":1},"minecraft:killed":{"minecraft:cave_spider":116,"minecraft:skeleton":40,"minecraft:chicken":6,"minecraft:magma_cube":35,"minecraft:iron_golem":1,"minecraft:pillager":12,"minecraft:zombie":8,"minecraft:cow":114,"minecraft:husk":1,"minecraft:wandering_trader":1,"minecraft:enderman":3,"minecraft:witch":1,"minecraft:spider":224,"minecraft:piglin_brute":7,"minecraft:piglin":8,"minecraft:pig":14,"minecraft:zombie_villager":1,"minecraft:creeper":1,"minecraft:sheep":12,"minecraft:trader_llama":1,"minecraft:blaze":19,"minecraft:hoglin":14,"minecraft:wither_skeleton":145},"minecraft:killed_by":{"minecraft:wither_skeleton":1,"minecraft:skeleton":1},"minecraft:mined":{"minecraft:dark_oak_planks":34,"minecraft:stripped_warped_stem":2,"minecraft:white_bed":1,"minecraft:cherry_log":1,"minecraft:jungle_leaves":4,"minecraft:obsidian":17,"minecraft:granite":3,"minecraft:acacia_log":5,"minecraft:stone_brick_wall":4,"minecraft:jungle_log":10,"minecraft:deepslate_bricks":4,"minecraft:coal_block":44,"minecraft:nether_wart":11,"minecraft:spawner":41,"minecraft:polished_blackstone_bricks":12,"minecraft:weeping_vines_plant":1,"minecraft:magma_block":2,"minecraft:fire":20,"minecraft:barrel":2,"minecraft:fletching_table":1,"minecraft:nether_brick_stairs":6,"minecraft:enchanting_table":1,"minecraft:water_cauldron":1,"minecraft:dirt_path":1,"minecraft:oak_stairs":2,"minecraft:smooth_sandstone_stairs":6,"easyanvils:minecraft/anvil":1,"minecraft:orange_bed":2,"minecraft:piston_head":1,"minecraft:brown_mushroom":2,"minecraft:deepslate_brick_wall":2,"minecraft:smoker":2,"minecraft:crimson_nylium":4,"minecraft:torch":4,"minecraft:dark_oak_wood":13,"minecraft:blast_furnace":18,"minecraft:green_concrete_powder":1,"minecraft:glass":2,"minecraft:chain":1,"minecraft:repeater":1,"minecraft:mud":1,"minecraft:wheat":242,"minecraft:lilac":1,"minecraft:jukebox":2,"minecraft:warped_fungus":1,"minecraft:stone_brick_stairs":6,"minecraft:smooth_quartz":275,"minecraft:sandstone_wall":3,"minecraft:deepslate":12,"minecraft:mossy_cobblestone":3,"minecraft:nether_brick_wall":1,"minecraft:nether_bricks":14,"minecraft:spruce_fence":11,"minecraft:jungle_planks":1,"minecraft:stripped_jungle_wood":5,"minecraft:jungle_sapling":9,"minecraft:andesite":152,"minecraft:potatoes":1,"minecraft:vine":7,"minecraft:respawn_anchor":1,"minecraft:bamboo":1,"minecraft:green_wool":1,"minecraft:soul_sand":46,"minecraft:smooth_sandstone":12,"minecraft:short_grass":172,"minecraft:tall_grass":22,"minecraft:orange_carpet":4,"minecraft:stripped_spruce_wood":4,"minecraft:white_carpet":4,"minecraft:birch_leaves":1,"minecraft:sunflower":1,"minecraft:gravel":29,"minecraft:cobweb":20,"minecraft:acacia_planks":6,"minecraft:stone_bricks":11,"minecraft:spruce_planks":65,"minecraft:oak_sapling":14,"minecraft:cobbled_deepslate_stairs":1,"minecraft:cobblestone_stairs":1,"minecraft:grass_block":198,"minecraft:dead_tube_coral_block":1,"minecraft:cracked_polished_blackstone_bricks":3,"minecraft:soul_soil":1,"minecraft:stripped_warped_hyphae":4,"minecraft:raw_iron_block":4,"minecraft:glowstone":10,"minecraft:iron_ore":151,"minecraft:anvil":2,"minecraft:azure_bluet":1,"minecraft:dark_oak_stairs":18,"minecraft:iron_bars":3,"minecraft:azalea_leaves":3,"minecraft:green_bed":2,"minecraft:blackstone":1,"visualworkbench:minecraft/crafting_table":9,"minecraft:clay":6,"minecraft:calcite":1,"minecraft:chest":1,"minecraft:nether_quartz_ore":169,"minecraft:cobblestone":16,"minecraft:grindstone":4,"minecraft:oak_planks":58,"minecraft:wall_torch":4,"minecraft:pink_petals":1,"minecraft:seagrass":2,"minecraft:warped_planks":2,"minecraft:birch_log":1,"minecraft:oak_log":11,"minecraft:acacia_fence":1,"minecraft:sand":147,"minecraft:dirt":69,"minecraft:tripwire_hook":2,"minecraft:netherrack":657,"minecraft:ancient_debris":2,"minecraft:oak_leaves":9,"minecraft:diamond_ore":5,"minecraft:tuff":1,"minecraft:deepslate_diamond_ore":1,"minecraft:decorated_pot":1,"minecraft:acacia_slab":2,"minecraft:sandstone":4,"minecraft:large_fern":9,"minecraft:hay_block":20,"minecraft:furnace":4,"minecraft:carrots":14,"minecraft:acacia_stairs":1,"minecraft:gold_block":27,"minecraft:deepslate_iron_ore":10,"minecraft:lantern":1,"minecraft:stone":442,"minecraft:crafting_table":5,"minecraft:oak_wood":5,"minecraft:deepslate_coal_ore":1,"minecraft:lapis_ore":6,"minecraft:polished_blackstone_brick_stairs":2,"minecraft:spruce_stairs":10,"minecraft:birch_planks":4,"minecraft:beehive":1,"minecraft:sweet_berry_bush":2,"minecraft:coal_ore":233,"minecraft:ochre_froglight":2,"minecraft:cherry_leaves":1,"minecraft:cyan_carpet":3,"minecraft:lodestone":1,"minecraft:stripped_acacia_wood":5,"minecraft:warped_slab":1},"minecraft:custom":{"minecraft:interact_with_crafting_table":103,"minecraft:open_barrel":118,"minecraft:eat_cake_slice":2,"minecraft:leave_game":4,"minecraft:time_since_death":319731,"minecraft:damage_blocked_by_shield":5421,"minecraft:play_time":859754,"minecraft:deaths":3,"minecraft:jump":12477,"minecraft:interact_with_furnace":171,"minecraft:traded_with_villager":220,"minecraft:sleep_in_bed":30,"minecraft:damage_dealt":221613,"minecraft:interact_with_smoker":26,"minecraft:use_cauldron":6,"minecraft:interact_with_anvil":10,"minecraft:sneak_time":40681,"minecraft:interact_with_blast_furnace":81,"minecraft:total_world_time":859754,"minecraft:time_since_rest":29311,"minecraft:swim_one_cm":97234,"minecraft:fly_one_cm":1904943,"minecraft:open_chest":497,"minecraft:fish_caught":1,"minecraft:fall_one_cm":282953,"minecraft:animals_bred":1,"minecraft:sprint_one_cm":1438300,"minecraft:drop":606,"minecraft:play_noteblock":1,"minecraft:talked_to_villager":39,"minecraft:interact_with_brewingstand":11,"minecraft:walk_on_water_one_cm":57417,"minecraft:crouch_one_cm":33167,"minecraft:mob_kills":794,"minecraft:fill_cauldron":1,"minecraft:interact_with_campfire":45,"minecraft:damage_dealt_resisted":17443,"minecraft:climb_one_cm":13260,"minecraft:walk_one_cm":1815167,"minecraft:walk_under_water_one_cm":32809,"minecraft:boat_one_cm":183408,"minecraft:pot_flower":5,"minecraft:interact_with_grindstone":8,"minecraft:damage_taken":11474,"minecraft:damage_absorbed":224},"minecraft:used":{"minecraft:poppy":2,"minecraft:ladder":1,"minecraft:chest":17,"minecraft:jungle_sapling":17,"minecraft:grass_block":2,"minecraft:birch_sapling":1,"minecraft:quartz_block":17,"minecraft:stone_brick_stairs":2,"minecraft:bow":50,"minecraft:sweet_berries":2,"minecraft:furnace":13,"minecraft:oak_sapling":9,"minecraft:acacia_fence":1,"minecraft:egg":4,"minecraft:blackstone":1,"minecraft:wooden_pickaxe":21,"minecraft:clay":6,"minecraft:golden_apple":6,"minecraft:blast_furnace":8,"more_bows_and_arrows:diamond_bow":309,"minecraft:stone_button":1,"minecraft:cyan_carpet":7,"minecraft:soul_lantern":2,"minecraft:diamond_sword":2545,"minecraft:birch_log":1,"minecraft:stripped_acacia_wood":6,"minecraft:enchanting_table":1,"minecraft:acacia_log":3,"minecraft:dead_tube_coral_block":1,"minecraft:stripped_warped_stem":1,"minecraft:sandstone_wall":1,"minecraft:netherrack":239,"minecraft:torch":747,"minecraft:brewing_stand":1,"minecraft:anvil":4,"minecraft:nether_brick_stairs":5,"minecraft:iron_axe":377,"minecraft:jungle_log":4,"minecraft:smooth_quartz":203,"minecraft:barrel":2,"minecraft:tripwire_hook":1,"minecraft:goat_horn":1,"minecraft:acacia_planks":82,"minecraft:cherry_log":1,"minecraft:golden_axe":1,"minecraft:calcite":1,"minecraft:wheat_seeds":191,"minecraft:water_bucket":56,"minecraft:nether_brick_wall":1,"minecraft:cauldron":1,"minecraft:fletching_table":2,"minecraft:deepslate_bricks":2,"minecraft:polished_blackstone_bricks":6,"minecraft:mossy_cobblestone":3,"minecraft:orange_carpet":4,"minecraft:tnt":115,"minecraft:crafting_table":25,"minecraft:white_bed":4,"minecraft:oak_log":9,"minecraft:mud":1,"minecraft:diamond_pickaxe":40,"minecraft:diamond_shovel":295,"minecraft:sunflower":1,"minecraft:iron_pickaxe":1781,"minecraft:cobblestone":52,"minecraft:potion":5,"minecraft:acacia_pressure_plate":1,"minecraft:jukebox":2,"minecraft:iron_shovel":136,"minecraft:decorated_pot":1,"minecraft:shield":232,"minecraft:iron_sword":12,"minecraft:smooth_sandstone_stairs":3,"minecraft:iron_chestplate":1,"minecraft:jungle_planks":21,"minecraft:nether_bricks":10,"minecraft:carrot":11,"minecraft:beehive":1,"minecraft:obsidian":15,"minecraft:glass":2,"minecraft:lantern":4,"minecraft:dark_oak_wood":3,"minecraft:iron_helmet":3,"minecraft:warped_fungus":1,"minecraft:hay_block":3,"minecraft:stripped_spruce_wood":1,"minecraft:dark_oak_stairs":6,"minecraft:stone_pickaxe":602,"minecraft:oak_planks":87,"minecraft:sandstone":8,"minecraft:diamond_axe":199,"minecraft:ochre_froglight":2,"minecraft:stone_brick_wall":1,"minecraft:shears":1,"minecraft:sticky_piston":1,"minecraft:bread":22,"minecraft:string":7,"minecraft:warped_slab":1,"minecraft:gravel":21,"minecraft:golden_helmet":11,"minecraft:stripped_warped_hyphae":1,"minecraft:grindstone":4,"minecraft:andesite":23,"minecraft:air":3,"minecraft:bone_meal":64,"minecraft:experience_bottle":135,"minecraft:cherry_boat":1,"minecraft:rose_bush":1,"minecraft:flint_and_steel":4,"minecraft:spruce_planks":37,"minecraft:dirt":172,"minecraft:spyglass":1,"minecraft:white_carpet":4,"minecraft:spruce_stairs":11,"minecraft:diamond_helmet":11,"minecraft:spruce_fence":6,"minecraft:granite":1,"minecraft:wooden_axe":1,"minecraft:dark_oak_planks":10,"minecraft:bookshelf":25,"minecraft:oak_stairs":2,"minecraft:acacia_slab":2,"minecraft:polished_blackstone_brick_stairs":2,"minecraft:iron_boots":1,"minecraft:cooked_beef":142,"minecraft:lodestone":1,"metalbundles:diamond_bundle":10,"minecraft:glass_bottle":14,"minecraft:green_bed":1,"minecraft:painting":2,"minecraft:smoker":3,"minecraft:warped_planks":1,"minecraft:wooden_hoe":21,"minecraft:acacia_stairs":1,"minecraft:cracked_polished_blackstone_bricks":2,"minecraft:stone_slab":1,"minecraft:stone_axe":15,"minecraft:pink_petals":10,"minecraft:fishing_rod":2,"minecraft:white_banner":2,"minecraft:bucket":58},"minecraft:crafted":{"minecraft:blaze_powder":2,"minecraft:bookshelf":25,"minecraft:cooked_mutton":20,"minecraft:glass":76,"minecraft:quartz_block":28,"minecraft:diamond_helmet":1,"more_bows_and_arrows:diamond_bow":2,"minecraft:glass_bottle":72,"minecraft:emerald":504,"minecraft:fletching_table":1,"minecraft:wooden_hoe":2,"minecraft:iron_pickaxe":2,"minecraft:iron_block":38,"minecraft:gold_ingot":108,"minecraft:golden_carrot":20,"minecraft:bone_meal":63,"minecraft:diamond":37,"minecraft:stone_pickaxe":6,"minecraft:dark_oak_planks":32,"minecraft:golden_helmet":3,"minecraft:wheat":135,"minecraft:coal_block":30,"more_bows_and_arrows:iron_bow":2,"metalbundles:golden_bundle":1,"minecraft:golden_apple":12,"minecraft:fermented_spider_eye":1,"minecraft:wooden_axe":1,"minecraft:iron_leggings":2,"minecraft:white_bed":1,"minecraft:oak_planks":1700,"minecraft:bow":1,"minecraft:iron_boots":2,"minecraft:chest":15,"minecraft:smoker":1,"minecraft:arrow":48,"minecraft:crafting_table":10,"minecraft:spruce_planks":12,"minecraft:wooden_pickaxe":1,"minecraft:iron_helmet":2,"minecraft:gold_block":29,"minecraft:birch_planks":572,"minecraft:brewing_stand":1,"minecraft:book":21,"minecraft:paper":63,"minecraft:iron_chestplate":2,"minecraft:diamond_pickaxe":1,"minecraft:emerald_block":49,"minecraft:shield":5,"minecraft:stick":6188,"minecraft:iron_ingot":188,"minecraft:cherry_planks":416,"minecraft:raw_iron":36,"minecraft:coal":657,"minecraft:furnace":10,"minecraft:diamond_block":17,"metalbundles:diamond_bundle":1,"minecraft:iron_axe":8,"minecraft:cooked_beef":170,"minecraft:sugar":1,"minecraft:diamond_sword":5,"minecraft:iron_sword":1,"minecraft:bucket":1,"minecraft:stone_axe":3,"minecraft:bread":4,"minecraft:air":0,"minecraft:jungle_planks":800,"minecraft:acacia_planks":200,"minecraft:torch":724,"minecraft:clay":6},"minecraft:dropped":{"minecraft:porkchop":18,"minecraft:respawn_anchor":1,"minecraft:ominous_bottle":3,"minecraft:lapis_lazuli":18,"minecraft:cooked_beef":82,"minecraft:glass_bottle":1,"minecraft:diamond":20,"minecraft:cooked_porkchop":52,"minecraft:weeping_vines":1,"minecraft:gold_block":38,"minecraft:dirt":101,"more_bows_and_arrows:diamond_bow":4,"minecraft:snout_armor_trim_smithing_template":1,"minecraft:jungle_sapling":9,"minecraft:gold_nugget":3,"minecraft:bone_block":6,"minecraft:iron_pickaxe":4,"minecraft:dark_oak_planks":16,"minecraft:fishing_rod":1,"minecraft:white_wool":6,"minecraft:cyan_carpet":3,"minecraft:bone":87,"minecraft:cherry_boat":1,"minecraft:goat_horn":1,"minecraft:sugar_cane":5,"minecraft:ancient_debris":3,"minecraft:diamond_block":2,"minecraft:cobbled_deepslate":1,"minecraft:birch_sapling":8,"minecraft:wheat":8,"minecraft:obsidian":31,"minecraft:rotten_flesh":12,"minecraft:grindstone":1,"minecraft:oak_planks":83,"minecraft:glowstone_dust":54,"minecraft:white_bed":3,"metalbundles:diamond_bundle":1,"minecraft:quartz_block":12,"minecraft:acacia_sapling":16,"metalbundles:golden_bundle":1,"minecraft:crying_obsidian":6,"minecraft:egg":3,"minecraft:enchanted_book":10,"minecraft:golden_boots":1,"minecraft:iron_ingot":27,"minecraft:wheat_seeds":226,"minecraft:cobbled_deepslate_stairs":1,"minecraft:feather":6,"minecraft:iron_helmet":3,"minecraft:cobblestone":456,"minecraft:book":128,"minecraft:apple":134,"minecraft:granite":2,"minecraft:coal":35,"minecraft:golden_apple":32,"minecraft:pufferfish":1,"minecraft:diamond_horse_armor":1,"minecraft:gray_wool":1,"minecraft:golden_carrot":93,"minecraft:wooden_hoe":1,"minecraft:lodestone":1,"minecraft:rose_bush":8,"minecraft:diamond_helmet":7,"minecraft:armadillo_scute":1,"minecraft:white_banner":2,"minecraft:iron_shovel":6,"minecraft:string":240,"minecraft:soul_soil":1,"minecraft:netherite_ingot":2,"minecraft:green_bed":1,"minecraft:chicken":6,"minecraft:iron_boots":2,"minecraft:spruce_fence":1,"minecraft:blast_furnace":48,"minecraft:diamond_sword":32,"minecraft:potato":8,"minecraft:hay_block":4,"minecraft:peony":2,"minecraft:spruce_planks":16,"minecraft:diamond_pickaxe":3,"minecraft:spider_eye":65,"minecraft:stone_bricks":1,"minecraft:bamboo":10,"minecraft:bow":1,"minecraft:black_wool":2,"minecraft:spruce_sign":3,"minecraft:soul_sand":46,"minecraft:brown_mushroom":1,"minecraft:dark_oak_stairs":4,"minecraft:oak_log":27,"minecraft:ender_pearl":8,"minecraft:netherite_upgrade_smithing_template":4,"minecraft:leather":154,"minecraft:cobblestone_stairs":1,"minecraft:cracked_polished_blackstone_bricks":1,"minecraft:netherite_scrap":3,"minecraft:cornflower":1,"minecraft:dark_oak_wood":2,"minecraft:mutton":18,"minecraft:polished_blackstone_bricks":6,"minecraft:gold_ingot":54,"minecraft:gravel":6,"minecraft:cherry_sapling":9,"minecraft:diamond_shovel":1,"minecraft:cooked_mutton":45,"minecraft:carrot":42,"minecraft:chest":1,"minecraft:iron_bars":2,"minecraft:arrow":46,"minecraft:quartz":42,"minecraft:netherrack":206,"minecraft:enchanting_table":1,"minecraft:water_bucket":5,"minecraft:golden_helmet":2,"minecraft:lilac":2,"minecraft:diamond_leggings":11,"minecraft:golden_axe":2,"minecraft:stick":18,"minecraft:iron_block":3,"metalbundles:leather_bundle":1,"minecraft:torch":79,"minecraft:repeater":1,"minecraft:smooth_quartz":84,"minecraft:iron_leggings":1,"minecraft:iron_axe":2,"minecraft:orange_bed":2,"minecraft:tripwire_hook":1,"minecraft:bucket":2,"minecraft:dandelion":11,"minecraft:redstone":1,"minecraft:anvil":1,"minecraft:nether_wart":52,"minecraft:blaze_rod":17,"minecraft:raw_iron":9,"minecraft:wither_skeleton_skull":3,"minecraft:flint_and_steel":2,"minecraft:deepslate_bricks":2,"minecraft:shield":5,"minecraft:diamond_chestplate":7,"minecraft:iron_chestplate":2,"minecraft:andesite":129,"minecraft:oak_sapling":113,"minecraft:diamond_boots":11,"minecraft:stone_pickaxe":2,"minecraft:magma_cream":25},"minecraft:picked_up":{"minecraft:flower_pot":1,"minecraft:anvil":5,"minecraft:diamond_sword":42,"minecraft:stone_slab":1,"minecraft:lead":1,"minecraft:oak_stairs":2,"minecraft:acacia_pressure_plate":1,"minecraft:enchanted_book":10,"minecraft:polished_blackstone_brick_stairs":2,"minecraft:string":475,"minecraft:soul_soil":1,"minecraft:pufferfish":1,"metalbundles:diamond_bundle":11,"minecraft:cherry_boat":2,"minecraft:diamond_leggings":12,"minecraft:gold_nugget":3,"minecraft:cobbled_deepslate":12,"minecraft:spruce_planks":61,"minecraft:warped_slab":1,"minecraft:netherite_upgrade_smithing_template":6,"minecraft:coal_block":113,"minecraft:golden_helmet":1,"minecraft:beehive":1,"minecraft:jukebox":2,"minecraft:acacia_log":282,"minecraft:green_bed":2,"minecraft:sandstone_wall":3,"minecraft:golden_axe":2,"minecraft:cherry_log":105,"minecraft:warped_planks":2,"minecraft:cauldron":1,"minecraft:orange_bed":2,"minecraft:red_tulip":1,"minecraft:iron_block":21,"minecraft:armadillo_scute":3,"minecraft:blaze_rod":34,"minecraft:iron_bars":3,"minecraft:birch_log":144,"minecraft:feather":6,"minecraft:cooked_beef":255,"minecraft:jungle_log":995,"minecraft:water_bucket":7,"minecraft:smoker":2,"minecraft:flint":2,"minecraft:stripped_spruce_wood":4,"minecraft:lantern":4,"minecraft:diamond_helmet":9,"minecraft:glowstone_dust":108,"minecraft:honeycomb":3,"minecraft:stripped_acacia_wood":10,"minecraft:acacia_stairs":1,"minecraft:barrel":2,"minecraft:snout_armor_trim_smithing_template":1,"minecraft:granite":3,"minecraft:diamond_pickaxe":4,"minecraft:mud":1,"minecraft:crafting_table":15,"minecraft:ominous_bottle":4,"minecraft:stripped_warped_hyphae":2,"minecraft:nether_wart":104,"minecraft:clay_ball":24,"minecraft:cornflower":1,"minecraft:flint_and_steel":2,"minecraft:netherite_scrap":3,"minecraft:white_carpet":4,"minecraft:iron_shovel":5,"minecraft:respawn_anchor":2,"minecraft:stripped_warped_stem":2,"minecraft:beef":226,"minecraft:jungle_sapling":26,"minecraft:poppy":2,"minecraft:chest":1,"minecraft:birch_sapling":9,"minecraft:egg":8,"minecraft:sandstone":12,"minecraft:spruce_fence":11,"minecraft:carrot":53,"minecraft:redstone":6,"minecraft:diamond_chestplate":8,"minecraft:decorated_pot":1,"minecraft:peony":4,"minecraft:deepslate_bricks":6,"minecraft:diamond_boots":11,"minecraft:hay_block":22,"minecraft:gold_ingot":160,"minecraft:mutton":38,"minecraft:bone_block":6,"minecraft:white_wool":9,"minecraft:tripwire_hook":2,"minecraft:ochre_froglight":2,"minecraft:oak_log":434,"minecraft:ancient_debris":7,"minecraft:golden_boots":1,"minecraft:white_banner":4,"minecraft:apple":210,"minecraft:stone_bricks":9,"minecraft:dark_oak_stairs":18,"minecraft:sweet_berries":5,"minecraft:spyglass":1,"minecraft:gravel":27,"minecraft:crying_obsidian":11,"minecraft:oak_wood":5,"minecraft:diamond_shovel":1,"minecraft:stone_axe":1,"minecraft:diamond_axe":2,"minecraft:painting":2,"minecraft:gray_wool":1,"minecraft:lodestone":2,"minecraft:ender_pearl":8,"minecraft:wheat":237,"minecraft:potion":2,"minecraft:stone_brick_stairs":2,"minecraft:dead_tube_coral_block":1,"minecraft:iron_leggings":1,"minecraft:sticky_piston":1,"minecraft:netherite_ingot":4,"minecraft:bucket":1,"minecraft:white_tulip":1,"minecraft:rose_bush":9,"minecraft:calcite":1,"minecraft:smooth_quartz":342,"minecraft:iron_pickaxe":6,"minecraft:furnace":4,"minecraft:stick":234,"minecraft:acacia_fence":1,"minecraft:deepslate_brick_wall":1,"minecraft:torch":73,"minecraft:spruce_stairs":19,"minecraft:porkchop":89,"minecraft:quartz_block":1,"minecraft:rotten_flesh":12,"minecraft:obsidian":48,"minecraft:cobblestone":675,"minecraft:enchanting_table":3,"minecraft:pink_petals":10,"minecraft:lilac":3,"minecraft:magma_cream":26,"minecraft:repeater":3,"minecraft:andesite":166,"minecraft:orange_carpet":4,"minecraft:potato":8,"minecraft:tuff":1,"minecraft:smooth_sandstone_stairs":6,"minecraft:wither_skeleton_skull":3,"minecraft:lapis_lazuli":36,"minecraft:dirt":273,"minecraft:name_tag":2,"minecraft:leather_boots":1,"minecraft:bone":212,"minecraft:acacia_planks":6,"minecraft:bow":2,"minecraft:wheat_seeds":697,"minecraft:grindstone":6,"minecraft:fletching_table":1,"minecraft:bamboo":24,"minecraft:oak_planks":227,"metalbundles:golden_bundle":1,"minecraft:cooked_porkchop":25,"minecraft:jungle_planks":1,"minecraft:sand":147,"minecraft:nether_brick_stairs":5,"minecraft:dead_bush":1,"minecraft:grass_block":2,"minecraft:diamond_block":18,"minecraft:spectral_arrow":19,"minecraft:mossy_cobblestone":3,"minecraft:diamond":79,"minecraft:soul_lantern":3,"minecraft:cracked_polished_blackstone_bricks":3,"minecraft:bone_meal":1,"minecraft:golden_apple":116,"minecraft:spruce_sign":13,"minecraft:emerald":27,"minecraft:oak_sapling":122,"minecraft:netherrack":445,"minecraft:fishing_rod":1,"minecraft:cocoa_beans":14,"minecraft:charcoal":9,"metalbundles:leather_bundle":1,"minecraft:chicken":6,"minecraft:ladder":1,"minecraft:brown_mushroom":3,"minecraft:stone_brick_wall":1,"minecraft:gold_block":119,"minecraft:diamond_horse_armor":1,"more_bows_and_arrows:diamond_bow":6,"minecraft:chain":1,"minecraft:shield":5,"minecraft:iron_axe":2,"minecraft:blackstone":1,"minecraft:cyan_carpet":10,"minecraft:sugar_cane":5,"minecraft:raw_iron":161,"minecraft:polished_blackstone_bricks":12,"minecraft:stone_button":1,"minecraft:dark_oak_planks":23,"minecraft:weeping_vines":1,"minecraft:arrow":367,"minecraft:nether_bricks":10,"minecraft:nether_brick_wall":1,"minecraft:dark_oak_button":1,"minecraft:golden_carrot":124,"minecraft:leather":167,"minecraft:birch_planks":4,"minecraft:cobbled_deepslate_stairs":1,"minecraft:cobblestone_stairs":1,"minecraft:cooked_mutton":25,"minecraft:iron_ingot":98,"minecraft:soul_sand":92,"minecraft:acacia_sapling":16,"minecraft:book":165,"minecraft:warped_fungus":1,"minecraft:emerald_block":71,"minecraft:brush":1,"minecraft:quartz":154,"minecraft:dandelion":11,"minecraft:raw_iron_block":4,"minecraft:blast_furnace":66,"minecraft:white_bed":6,"minecraft:spider_eye":112,"minecraft:stripped_jungle_wood":5,"minecraft:iron_helmet":1,"minecraft:cherry_sapling":9,"minecraft:acacia_slab":2,"minecraft:black_wool":2,"minecraft:dark_oak_wood":13,"minecraft:coal":365,"minecraft:sunflower":1}},"DataVersion":3953}