{"stats":{"minecraft:mined":{"minecraft:diamond_ore":5,"minecraft:oak_sapling":1,"minecraft:mossy_cobblestone":3,"minecraft:deepslate_diamond_ore":1,"minecraft:jungle_leaves":4,"minecraft:crafting_table":1,"visualworkbench:minecraft/crafting_table":8,"minecraft:torch":1,"minecraft:granite":2,"minecraft:short_grass":12,"minecraft:acacia_log":1,"minecraft:grass_block":8,"minecraft:jungle_log":5,"minecraft:tall_grass":7,"minecraft:cobblestone":2,"minecraft:lapis_ore":6,"minecraft:oak_planks":11,"minecraft:spawner":1,"minecraft:hay_block":15,"minecraft:large_fern":3,"minecraft:furnace":2,"minecraft:wheat":15,"minecraft:birch_log":1,"minecraft:iron_ore":107,"minecraft:jukebox":1,"minecraft:andesite":148,"minecraft:oak_log":5,"minecraft:coal_ore":142,"minecraft:dirt_path":1,"minecraft:water_cauldron":1,"minecraft:deepslate_iron_ore":7,"minecraft:vine":2,"minecraft:gravel":7,"minecraft:dirt":6,"minecraft:tripwire_hook":1,"minecraft:stone":336,"minecraft:deepslate":11},"minecraft:killed":{"minecraft:pig":12,"minecraft:spider":1,"minecraft:iron_golem":1,"minecraft:skeleton":2,"minecraft:zombie":1,"minecraft:chicken":6,"minecraft:cow":30},"minecraft:picked_up":{"minecraft:birch_log":9,"minecraft:wheat":14,"minecraft:crafting_table":10,"minecraft:feather":6,"minecraft:chicken":6,"minecraft:leather":41,"minecraft:tripwire_hook":1,"minecraft:jungle_log":5,"minecraft:andesite":145,"minecraft:brown_mushroom":1,"minecraft:oak_log":98,"minecraft:lapis_lazuli":36,"minecraft:dirt":15,"minecraft:bone":6,"minecraft:apple":2,"minecraft:wheat_seeds":41,"minecraft:cobbled_deepslate":11,"minecraft:beef":57,"minecraft:iron_ingot":41,"minecraft:rose_bush":6,"minecraft:jungle_sapling":2,"minecraft:birch_sapling":1,"minecraft:oak_planks":11,"minecraft:furnace":2,"minecraft:egg":1,"minecraft:stick":23,"minecraft:raw_iron":114,"minecraft:jukebox":1,"minecraft:porkchop":30,"minecraft:torch":1,"minecraft:acacia_log":1,"minecraft:gravel":7,"minecraft:cauldron":1,"minecraft:mossy_cobblestone":3,"minecraft:arrow":4,"minecraft:diamond":6,"minecraft:hay_block":15,"minecraft:granite":2,"minecraft:oak_sapling":57,"minecraft:coal":142,"minecraft:cobblestone":338},"minecraft:dropped":{"minecraft:gravel":6,"minecraft:brown_mushroom":1,"minecraft:wheat_seeds":32,"minecraft:oak_log":1,"minecraft:raw_iron":9,"minecraft:iron_helmet":1,"minecraft:cobblestone":5,"minecraft:iron_boots":1,"minecraft:granite":2,"minecraft:coal":10,"minecraft:stick":5,"minecraft:wooden_hoe":1,"minecraft:iron_chestplate":1,"minecraft:rose_bush":6,"minecraft:oak_sapling":50,"minecraft:iron_leggings":1,"minecraft:iron_axe":1},"minecraft:custom":{"minecraft:interact_with_furnace":56,"minecraft:mob_kills":53,"minecraft:animals_bred":1,"minecraft:interact_with_crafting_table":26,"minecraft:open_barrel":11,"minecraft:eat_cake_slice":2,"minecraft:time_since_death":95376,"minecraft:sleep_in_bed":3,"minecraft:climb_one_cm":733,"minecraft:time_since_rest":32949,"minecraft:sprint_one_cm":164001,"minecraft:damage_taken":262,"minecraft:walk_one_cm":176824,"minecraft:drop":28,"minecraft:damage_dealt":6050,"minecraft:talked_to_villager":1,"minecraft:swim_one_cm":10723,"minecraft:fly_one_cm":215795,"minecraft:open_chest":11,"minecraft:crouch_one_cm":2111,"minecraft:play_time":95376,"minecraft:sneak_time":2505,"minecraft:walk_under_water_one_cm":7573,"minecraft:boat_one_cm":8366,"minecraft:jump":1364,"minecraft:walk_on_water_one_cm":8192,"minecraft:interact_with_smoker":2,"minecraft:total_world_time":95376,"minecraft:fall_one_cm":34047},"minecraft:used":{"minecraft:wheat_seeds":9,"minecraft:water_bucket":8,"minecraft:acacia_log":1,"minecraft:stone_pickaxe":602,"minecraft:oak_planks":15,"minecraft:chest":2,"minecraft:wooden_pickaxe":21,"minecraft:cauldron":1,"minecraft:torch":73,"minecraft:mossy_cobblestone":3,"minecraft:dirt":15,"minecraft:crafting_table":10,"minecraft:smoker":1,"minecraft:oak_log":4,"minecraft:jungle_sapling":2,"minecraft:wooden_axe":1,"minecraft:wooden_hoe":21,"minecraft:iron_axe":92,"minecraft:bread":12,"minecraft:birch_sapling":1,"minecraft:iron_pickaxe":163,"minecraft:gravel":1,"minecraft:stone_axe":14,"minecraft:tripwire_hook":1,"minecraft:cobblestone":23,"minecraft:furnace":7,"minecraft:oak_sapling":7,"minecraft:birch_log":1,"minecraft:bucket":9,"minecraft:andesite":11,"minecraft:egg":1,"minecraft:cooked_beef":1,"minecraft:bone_meal":12},"minecraft:broken":{"minecraft:stone_pickaxe":4},"minecraft:crafted":{"minecraft:cooked_beef":1,"minecraft:oak_planks":356,"minecraft:crafting_table":1,"minecraft:wooden_pickaxe":1,"minecraft:iron_helmet":2,"minecraft:furnace":7,"minecraft:bone_meal":12,"minecraft:bucket":1,"minecraft:birch_planks":32,"minecraft:stone_axe":3,"minecraft:bread":4,"minecraft:air":0,"minecraft:jungle_planks":20,"minecraft:wooden_hoe":2,"minecraft:iron_boots":2,"minecraft:iron_chestplate":2,"minecraft:diamond_pickaxe":1,"minecraft:iron_axe":2,"minecraft:stick":60,"minecraft:iron_ingot":101,"minecraft:iron_pickaxe":2,"minecraft:stone_pickaxe":6,"minecraft:wooden_axe":1,"minecraft:chest":2,"minecraft:iron_leggings":2,"minecraft:torch":72,"minecraft:smoker":1}},"DataVersion":3953}