{"stats":{"minecraft:mined":{"minecraft:dark_oak_planks":34,"minecraft:stripped_warped_stem":1,"minecraft:white_bed":1,"minecraft:spruce_planks":22,"minecraft:oak_sapling":2,"minecraft:cherry_log":1,"minecraft:cobblestone_stairs":1,"minecraft:jungle_leaves":4,"minecraft:obsidian":16,"minecraft:granite":2,"minecraft:acacia_log":1,"minecraft:grass_block":14,"minecraft:jungle_log":5,"minecraft:coal_block":31,"minecraft:deepslate_bricks":2,"minecraft:stripped_warped_hyphae":1,"minecraft:spawner":22,"minecraft:magma_block":2,"minecraft:iron_ore":135,"minecraft:fletching_table":1,"minecraft:anvil":1,"minecraft:dark_oak_stairs":18,"minecraft:enchanting_table":1,"minecraft:water_cauldron":1,"minecraft:dirt_path":1,"minecraft:oak_stairs":2,"minecraft:iron_bars":1,"minecraft:smooth_sandstone_stairs":4,"minecraft:azalea_leaves":3,"easyanvils:minecraft/anvil":1,"minecraft:green_bed":2,"minecraft:deepslate_brick_wall":1,"minecraft:smoker":2,"visualworkbench:minecraft/crafting_table":9,"minecraft:torch":2,"minecraft:dark_oak_wood":13,"minecraft:blast_furnace":18,"minecraft:calcite":1,"minecraft:cobblestone":14,"minecraft:grindstone":4,"minecraft:oak_planks":46,"minecraft:wall_torch":4,"minecraft:pink_petals":1,"minecraft:warped_planks":2,"minecraft:birch_log":1,"minecraft:wheat":242,"minecraft:lilac":1,"minecraft:jukebox":1,"minecraft:oak_log":9,"minecraft:dirt":8,"minecraft:smooth_quartz":269,"minecraft:tripwire_hook":1,"minecraft:oak_leaves":1,"minecraft:deepslate":11,"minecraft:diamond_ore":5,"minecraft:tuff":1,"minecraft:mossy_cobblestone":3,"minecraft:deepslate_diamond_ore":1,"minecraft:spruce_fence":9,"minecraft:sandstone":2,"minecraft:large_fern":4,"minecraft:hay_block":19,"minecraft:furnace":4,"minecraft:carrots":14,"minecraft:andesite":150,"minecraft:gold_block":3,"minecraft:potatoes":1,"minecraft:deepslate_iron_ore":10,"minecraft:vine":2,"minecraft:stone":424,"minecraft:smooth_sandstone":10,"minecraft:crafting_table":3,"minecraft:short_grass":28,"minecraft:oak_wood":5,"minecraft:tall_grass":16,"minecraft:deepslate_coal_ore":1,"minecraft:lapis_ore":6,"minecraft:spruce_stairs":8,"minecraft:stripped_spruce_wood":2,"minecraft:beehive":1,"minecraft:sweet_berry_bush":2,"minecraft:birch_leaves":1,"minecraft:coal_ore":219,"minecraft:ochre_froglight":1,"minecraft:cherry_leaves":1,"minecraft:cyan_carpet":3,"minecraft:gravel":29,"minecraft:lodestone":1,"minecraft:cobweb":20,"minecraft:stone_bricks":3,"minecraft:warped_slab":1},"minecraft:killed":{"minecraft:cave_spider":116,"minecraft:witch":1,"minecraft:spider":219,"minecraft:skeleton":33,"minecraft:chicken":6,"minecraft:pig":13,"minecraft:zombie_villager":1,"minecraft:iron_golem":1,"minecraft:sheep":3,"minecraft:pillager":2,"minecraft:zombie":5,"minecraft:cow":76,"minecraft:husk":1,"minecraft:wither_skeleton":129,"minecraft:enderman":2},"minecraft:picked_up":{"minecraft:wheat":237,"minecraft:flower_pot":1,"minecraft:anvil":4,"minecraft:diamond_sword":28,"minecraft:oak_stairs":2,"minecraft:potion":2,"minecraft:enchanted_book":10,"minecraft:string":472,"minecraft:iron_leggings":1,"metalbundles:diamond_bundle":5,"minecraft:diamond_leggings":10,"minecraft:cobbled_deepslate":11,"minecraft:spruce_planks":21,"minecraft:rose_bush":8,"minecraft:warped_slab":1,"minecraft:calcite":1,"minecraft:smooth_quartz":274,"minecraft:iron_pickaxe":1,"minecraft:coal_block":52,"minecraft:furnace":4,"minecraft:beehive":1,"minecraft:stick":128,"minecraft:jukebox":1,"minecraft:torch":51,"minecraft:acacia_log":9,"minecraft:green_bed":1,"minecraft:spruce_stairs":8,"minecraft:porkchop":31,"minecraft:cherry_log":105,"minecraft:warped_planks":2,"minecraft:cauldron":1,"minecraft:rotten_flesh":10,"minecraft:armadillo_scute":1,"minecraft:obsidian":32,"minecraft:iron_bars":1,"minecraft:cobblestone":467,"minecraft:enchanting_table":3,"minecraft:birch_log":138,"minecraft:pink_petals":10,"minecraft:cooked_beef":110,"minecraft:feather":6,"minecraft:lilac":3,"minecraft:water_bucket":3,"minecraft:andesite":162,"minecraft:jungle_log":5,"minecraft:smoker":2,"minecraft:potato":8,"minecraft:flint":2,"minecraft:stripped_spruce_wood":2,"minecraft:tuff":1,"minecraft:smooth_sandstone_stairs":3,"minecraft:wither_skeleton_skull":3,"minecraft:lapis_lazuli":36,"minecraft:dirt":39,"minecraft:name_tag":2,"minecraft:bone":137,"minecraft:wheat_seeds":650,"minecraft:grindstone":6,"minecraft:diamond_helmet":7,"minecraft:fletching_table":1,"minecraft:oak_planks":56,"minecraft:honeycomb":3,"metalbundles:golden_bundle":1,"minecraft:cooked_porkchop":25,"minecraft:dead_bush":1,"minecraft:grass_block":1,"minecraft:diamond_block":2,"minecraft:mossy_cobblestone":3,"minecraft:diamond":69,"minecraft:soul_lantern":2,"minecraft:granite":2,"minecraft:bone_meal":1,"minecraft:golden_apple":13,"minecraft:emerald":18,"minecraft:oak_sapling":73,"minecraft:diamond_pickaxe":1,"minecraft:charcoal":9,"minecraft:crafting_table":13,"metalbundles:leather_bundle":1,"minecraft:ominous_bottle":1,"minecraft:chicken":6,"minecraft:brown_mushroom":1,"minecraft:gold_block":3,"minecraft:diamond_horse_armor":1,"more_bows_and_arrows:diamond_bow":1,"minecraft:shield":2,"minecraft:cornflower":1,"minecraft:iron_axe":1,"minecraft:iron_shovel":1,"minecraft:cyan_carpet":10,"minecraft:stripped_warped_stem":1,"minecraft:beef":157,"minecraft:jungle_sapling":2,"minecraft:birch_sapling":6,"minecraft:egg":2,"minecraft:raw_iron":145,"minecraft:sandstone":8,"minecraft:spruce_fence":10,"minecraft:stone_button":1,"minecraft:carrot":53,"minecraft:redstone":1,"minecraft:dark_oak_planks":23,"minecraft:arrow":107,"minecraft:diamond_chestplate":6,"minecraft:deepslate_bricks":2,"minecraft:diamond_boots":8,"minecraft:hay_block":22,"minecraft:gold_ingot":97,"minecraft:mutton":24,"minecraft:white_wool":3,"minecraft:golden_carrot":19,"minecraft:tripwire_hook":1,"minecraft:leather":131,"minecraft:ochre_froglight":1,"minecraft:oak_log":285,"minecraft:cobblestone_stairs":1,"minecraft:white_banner":1,"minecraft:cooked_mutton":25,"minecraft:apple":204,"minecraft:stone_bricks":3,"minecraft:iron_ingot":65,"minecraft:acacia_sapling":2,"minecraft:dark_oak_stairs":18,"minecraft:book":64,"minecraft:emerald_block":16,"minecraft:sweet_berries":5,"minecraft:gravel":27,"minecraft:blast_furnace":66,"minecraft:white_bed":4,"minecraft:spider_eye":109,"minecraft:oak_wood":5,"minecraft:iron_helmet":1,"minecraft:painting":2,"minecraft:cherry_sapling":9,"minecraft:lodestone":1,"minecraft:dark_oak_wood":13,"minecraft:coal":309,"minecraft:ender_pearl":2},"minecraft:dropped":{"minecraft:porkchop":3,"minecraft:brown_mushroom":1,"minecraft:dark_oak_stairs":4,"minecraft:ominous_bottle":1,"minecraft:cooked_beef":27,"minecraft:oak_log":1,"minecraft:glass_bottle":1,"minecraft:ender_pearl":2,"minecraft:diamond":9,"minecraft:cooked_porkchop":52,"minecraft:leather":131,"minecraft:cobblestone_stairs":1,"minecraft:dirt":17,"minecraft:cornflower":1,"minecraft:mutton":4,"minecraft:dark_oak_wood":2,"minecraft:iron_pickaxe":1,"minecraft:dark_oak_planks":16,"minecraft:cyan_carpet":3,"minecraft:gold_ingot":9,"minecraft:bone":55,"minecraft:gravel":6,"minecraft:goat_horn":1,"minecraft:diamond_block":2,"minecraft:birch_sapling":5,"minecraft:wheat":8,"minecraft:obsidian":16,"minecraft:cherry_sapling":9,"minecraft:rotten_flesh":10,"minecraft:grindstone":1,"minecraft:oak_planks":17,"minecraft:cooked_mutton":45,"minecraft:white_bed":2,"minecraft:carrot":42,"minecraft:acacia_sapling":2,"metalbundles:golden_bundle":1,"minecraft:enchanting_table":1,"minecraft:iron_ingot":9,"minecraft:water_bucket":3,"minecraft:enchanted_book":10,"minecraft:wheat_seeds":181,"minecraft:lilac":2,"minecraft:diamond_leggings":10,"minecraft:iron_helmet":3,"minecraft:feather":6,"minecraft:cobblestone":85,"minecraft:book":64,"minecraft:apple":128,"minecraft:granite":2,"minecraft:coal":35,"minecraft:golden_apple":7,"minecraft:stick":9,"minecraft:diamond_horse_armor":1,"metalbundles:leather_bundle":1,"minecraft:golden_carrot":17,"minecraft:torch":78,"minecraft:wooden_hoe":1,"minecraft:smooth_quartz":68,"minecraft:rose_bush":7,"minecraft:diamond_helmet":7,"minecraft:iron_leggings":1,"minecraft:armadillo_scute":1,"minecraft:iron_axe":1,"minecraft:iron_shovel":2,"minecraft:string":237,"minecraft:bucket":2,"minecraft:anvil":1,"minecraft:raw_iron":9,"minecraft:chicken":6,"minecraft:wither_skeleton_skull":3,"minecraft:iron_boots":2,"minecraft:spruce_fence":1,"minecraft:blast_furnace":48,"minecraft:diamond_sword":19,"minecraft:potato":8,"minecraft:hay_block":4,"minecraft:shield":3,"minecraft:diamond_chestplate":6,"minecraft:spruce_planks":16,"minecraft:iron_chestplate":2,"minecraft:andesite":1,"minecraft:oak_sapling":65,"minecraft:spider_eye":65,"minecraft:diamond_boots":9},"minecraft:killed_by":{"minecraft:skeleton":1},"minecraft:custom":{"minecraft:animals_bred":1,"minecraft:interact_with_crafting_table":66,"minecraft:open_barrel":63,"minecraft:eat_cake_slice":2,"minecraft:leave_game":2,"minecraft:time_since_death":138323,"minecraft:sprint_one_cm":743883,"minecraft:damage_blocked_by_shield":4534,"minecraft:drop":366,"minecraft:play_noteblock":1,"minecraft:talked_to_villager":28,"minecraft:play_time":442915,"minecraft:deaths":1,"minecraft:jump":5888,"minecraft:walk_on_water_one_cm":24282,"minecraft:interact_with_furnace":147,"minecraft:traded_with_villager":127,"minecraft:sleep_in_bed":14,"minecraft:damage_dealt":196837,"minecraft:crouch_one_cm":15455,"minecraft:interact_with_smoker":26,"minecraft:mob_kills":612,"minecraft:interact_with_campfire":4,"minecraft:damage_dealt_resisted":17443,"minecraft:climb_one_cm":5598,"minecraft:walk_one_cm":1053005,"minecraft:sneak_time":23726,"minecraft:walk_under_water_one_cm":20047,"minecraft:boat_one_cm":44683,"minecraft:interact_with_blast_furnace":13,"minecraft:total_world_time":442915,"minecraft:pot_flower":2,"minecraft:interact_with_grindstone":5,"minecraft:time_since_rest":3956,"minecraft:damage_absorbed":144,"minecraft:damage_taken":8034,"minecraft:swim_one_cm":21275,"minecraft:fly_one_cm":830343,"minecraft:open_chest":166,"minecraft:fall_one_cm":112529},"minecraft:used":{"minecraft:chest":4,"minecraft:shield":219,"minecraft:iron_sword":12,"minecraft:iron_chestplate":1,"minecraft:carrot":11,"minecraft:beehive":1,"minecraft:jungle_sapling":2,"minecraft:grass_block":1,"minecraft:birch_sapling":1,"minecraft:iron_helmet":3,"minecraft:dark_oak_wood":3,"minecraft:bow":50,"minecraft:hay_block":3,"minecraft:sweet_berries":2,"minecraft:oak_sapling":8,"minecraft:furnace":13,"minecraft:egg":2,"minecraft:dark_oak_stairs":6,"minecraft:stone_pickaxe":602,"minecraft:oak_planks":45,"minecraft:wooden_pickaxe":21,"minecraft:sandstone":5,"minecraft:diamond_axe":2,"minecraft:golden_apple":4,"minecraft:blast_furnace":2,"minecraft:ochre_froglight":1,"minecraft:shears":1,"minecraft:cyan_carpet":7,"more_bows_and_arrows:diamond_bow":172,"minecraft:stone_button":1,"minecraft:string":7,"minecraft:bread":22,"minecraft:warped_slab":1,"minecraft:gravel":21,"minecraft:soul_lantern":1,"minecraft:diamond_sword":2066,"minecraft:grindstone":3,"minecraft:andesite":13,"minecraft:birch_log":1,"minecraft:bone_meal":25,"minecraft:experience_bottle":135,"minecraft:rose_bush":1,"minecraft:acacia_log":1,"minecraft:flint_and_steel":4,"minecraft:spruce_planks":3,"minecraft:torch":164,"minecraft:dirt":22,"minecraft:anvil":1,"minecraft:spruce_stairs":1,"minecraft:spruce_fence":6,"minecraft:dark_oak_planks":10,"minecraft:wooden_axe":1,"minecraft:iron_axe":377,"minecraft:oak_stairs":2,"minecraft:iron_boots":1,"minecraft:smooth_quartz":103,"minecraft:tripwire_hook":1,"minecraft:goat_horn":1,"minecraft:cooked_beef":89,"minecraft:cherry_log":1,"minecraft:calcite":1,"minecraft:wheat_seeds":191,"minecraft:water_bucket":46,"minecraft:lodestone":1,"metalbundles:diamond_bundle":6,"minecraft:glass_bottle":1,"minecraft:cauldron":1,"minecraft:fletching_table":2,"minecraft:green_bed":1,"minecraft:mossy_cobblestone":3,"minecraft:tnt":115,"minecraft:crafting_table":19,"minecraft:white_bed":3,"minecraft:painting":2,"minecraft:warped_planks":1,"minecraft:smoker":3,"minecraft:oak_log":8,"minecraft:wooden_hoe":21,"minecraft:diamond_pickaxe":16,"minecraft:iron_pickaxe":759,"minecraft:stone_axe":14,"minecraft:pink_petals":10,"minecraft:cobblestone":48,"minecraft:potion":2,"minecraft:white_banner":1,"minecraft:bucket":48},"minecraft:broken":{"minecraft:diamond_helmet":1,"minecraft:stone_pickaxe":4,"minecraft:diamond_boots":1,"minecraft:diamond_leggings":1,"minecraft:shield":1,"minecraft:iron_axe":2},"minecraft:crafted":{"minecraft:oak_planks":1108,"minecraft:cooked_mutton":20,"minecraft:diamond_helmet":1,"minecraft:bow":1,"minecraft:iron_boots":2,"more_bows_and_arrows:diamond_bow":1,"minecraft:chest":4,"minecraft:smoker":1,"minecraft:emerald":240,"minecraft:arrow":48,"minecraft:crafting_table":6,"minecraft:spruce_planks":8,"minecraft:wooden_pickaxe":1,"minecraft:iron_helmet":2,"minecraft:gold_block":16,"minecraft:fletching_table":1,"minecraft:birch_planks":548,"minecraft:wooden_hoe":2,"minecraft:iron_chestplate":2,"minecraft:diamond_pickaxe":1,"minecraft:emerald_block":34,"minecraft:shield":5,"minecraft:stick":3324,"minecraft:iron_ingot":135,"minecraft:iron_pickaxe":2,"minecraft:iron_block":3,"minecraft:gold_ingot":27,"minecraft:cherry_planks":416,"minecraft:coal":36,"minecraft:furnace":10,"minecraft:bone_meal":24,"minecraft:diamond_block":7,"minecraft:diamond":37,"minecraft:iron_axe":8,"minecraft:stone_pickaxe":6,"minecraft:dark_oak_planks":32,"minecraft:wheat":135,"minecraft:cooked_beef":153,"minecraft:coal_block":12,"minecraft:diamond_sword":5,"minecraft:iron_sword":1,"minecraft:bucket":1,"minecraft:stone_axe":3,"more_bows_and_arrows:iron_bow":1,"minecraft:jungle_planks":20,"minecraft:bread":4,"minecraft:air":0,"minecraft:golden_apple":1,"minecraft:wooden_axe":1,"minecraft:iron_leggings":2,"minecraft:white_bed":1,"minecraft:acacia_planks":32,"minecraft:torch":228}},"DataVersion":3953}